id,address
1,福建省厦门市思明区洪文六里37号502室
2,福建省厦门市思明区洪莲东二里54号501室
3,福建省厦门市思明区云顶中路731号503室
4,福建省厦门市思明区莲前西路258号401室
5,福建省厦门市思明区莲前西路98号401室
6,福建省厦门市思明区洪文五里75号103室
7,福建省厦门市思明区西林西里15号C702室
8,福建省厦门市思明区莲前西路178号401-1室
9,福建省厦门市思明区吕岭路1599号801室
10,福建省厦门市思明区西林西里12号106室
11,福建省厦门市思明区洪莲路36号302室
12,福建省厦门市思明区西林东里45号707室
13,福建省厦门市思明区洪文一里126号402室
14,福建省厦门市思明区侨文里28号202室
15,福建省厦门市思明区店上东里81号603室
16,福建省厦门市思明区文兴东二里1号602室
17,福建省厦门市思明区文兴东二里1号602室
18,福建省厦门市思明区古兴里3号1703室
19,福建省厦门市思明区前埔一里110号404室
20,福建省厦门市思明区莲前西路354号401室
21,福建省厦门市思明区莲前西路138号201室
22,福建省厦门市思明区西林西二里17号302室
23,福建省厦门市思明区洪文六里4号401室
24,福建省厦门市思明区前埔一里225号307室
25,福建省厦门市思明区洪文一里116号702室
26,福建省厦门市思明区洪文六里135号602室
27,福建省厦门市思明区东浦三里21号402室
28,福建省厦门市思明区前埔东一里3号202室
29,福建省厦门市思明区洪文六里68号401室
30,福建省厦门市思明区洪莲西二里161号204室
31,福建省厦门市思明区洪文二里112号202室
32,福建省厦门市思明区前埔六里6号2002室
33,福建省厦门市思明区洪文五里4-1号
34,福建省厦门市思明区莲前东路707号903室
35,福建省厦门市思明区西林社14-102号
36,福建省厦门市思明区西林东里39号606室
37,福建省厦门市思明区洪文六里34号201室
38,福建省厦门市思明区前埔二里158号401室
39,福建省厦门市思明区前埔二里216号806室
40,福建省厦门市思明区前埔二里224号101室
41,福建省厦门市思明区前埔二里191号601室
42,福建省厦门市思明区前埔一里204号315室
43,福建省厦门市思明区前埔五里213号1102室
44,福建省厦门市思明区店上东里63号206室
45,福建省厦门市思明区莲前东路800号604室
46,福建省厦门市思明区前埔五里200号602室
47,福建省厦门市思明区莲前西路741号601室
48,福建省厦门市思明区西林西里38号
49,福建省厦门市思明区前埔一里160号304室
50,福建省厦门市思明区前埔一里154号408室
51,福建省厦门市思明区洪莲里102号301室
52,福建省厦门市思明区前埔一里115号103室
53,福建省厦门市思明区洪文一里23号702室
54,福建省厦门市思明区洪莲里621号104室
55,福建省厦门市思明区洪文一里35号602室
56,福建省厦门市思明区莲前西路803号1402室
57,福建省厦门市思明区洪文一里78号701室
58,福建省厦门市思明区洪莲里12号
59,福建省厦门市思明区莲前东路21号
60,福建省厦门市思明区洪文一里69号201室
61,福建省厦门市思明区洪莲西里55号804室
62,福建省厦门市思明区东山社83号201室
63,福建省厦门市思明区店上西里44-1号
64,福建省厦门市思明区西林西二里31号102室
65,福建省厦门市思明区西林西二里31号102室
66,福建省厦门市思明区东坪山社2号102室
67,福建省厦门市思明区东浦三里19号301室
68,福建省厦门市思明区侨文里297号201室
69,福建省厦门市思明区文兴东二里14号602室
70,福建省厦门市思明区洪莲路80号402室
71,福建省厦门市思明区店上西里16号903室
72,福建省厦门市思明区前埔二里222号405室
73,福建省厦门市思明区前埔一里152号303室
74,福建省厦门市思明区西林东里145号601室
75,福建省厦门市思明区云顶中路719号602室
76,福建省厦门市思明区莲前西路739号101室
77,福建省厦门市思明区前埔一里221号408室
78,福建省厦门市思明区文兴东一里24号706室
79,福建省厦门市思明区前埔一里85号606室
80,福建省厦门市思明区前埔二里202号106室
81,福建省厦门市思明区洪文一里139号702室
82,福建省厦门市思明区东浦路202号601室
83,福建省厦门市思明区莲前西路214号102室
84,福建省厦门市思明区店上东里68号102室
85,福建省厦门市思明区洪莲西里138号502室
86,福建省厦门市思明区洪文六里136号301室
87,福建省厦门市思明区洪莲东二里3号1601室
88,福建省厦门市思明区前埔一里165号208室
89,福建省厦门市思明区东浦路258号101室
90,福建省厦门市思明区洪莲里116-3号
91,福建省厦门市思明区洪文六里69号106室
92,福建省厦门市思明区西林社67-4号208室
93,福建省厦门市思明区莲前东路834号C120室
94,福建省厦门市思明区古兴里2号301室
95,福建省厦门市思明区店上东里11号702室
96,福建省厦门市思明区店上西里12号302室
97,福建省厦门市思明区金尚路12号601室
98,福建省厦门市思明区洪文二里115号201室
99,福建省厦门市思明区洪莲里110号601室
100,福建省厦门市思明区洪莲里97号903室
101,福建省厦门市思明区前埔东一里7号302室
102,福建省厦门市思明区洪莲里58号201室
103,福建省厦门市思明区洪文一里70号202室
104,福建省厦门市思明区莲前西路218号402室
105,福建省厦门市思明区西林东里152号601室
106,福建省厦门市思明区古楼北里13号701室
107,福建省厦门市思明区洪文二里111号102室
108,福建省厦门市思明区莲前西路298号602室
109,福建省厦门市思明区西林西里142-4号
110,福建省厦门市思明区莲前东路66号
111,福建省厦门市思明区洪文一里13号502室
112,福建省厦门市思明区洪文一里137号701室
113,福建省厦门市思明区莲前西路697号201室
114,福建省厦门市思明区店上东里87号603室
115,福建省厦门市思明区西林东路305号602室
116,福建省厦门市思明区店上西里46号602室
117,福建省厦门市思明区前埔东一里3号1501室
118,福建省厦门市思明区前埔二里213号203室
119,福建省厦门市思明区洪莲里67-1号
120,福建省厦门市思明区西林西里160号701室
121,福建省厦门市思明区东浦路166号802室
122,福建省厦门市思明区西林西二里15号101室
123,福建省厦门市思明区西林西二里20号301室
124,福建省厦门市思明区洪文六里20号302室
125,福建省厦门市思明区店上西里43号308室
126,福建省厦门市思明区古楼北里28号504室
127,福建省厦门市思明区古楼南里21号403室
128,福建省厦门市思明区前埔一里202号502室
129,福建省厦门市思明区店上东里56号601室
130,福建省厦门市思明区西林东路145号303室
131,福建省厦门市思明区洪文一里56号202室
132,福建省厦门市思明区前埔五里164号601室
133,福建省厦门市思明区洪莲西里27号702室
134,福建省厦门市思明区店上东里102号604室
135,福建省厦门市思明区西林东里156号702室
136,福建省厦门市思明区前埔二里46号502室
137,福建省厦门市思明区洪文一里4号202室
138,福建省厦门市思明区店上东里74号206室
139,福建省厦门市思明区洪文七里8号1002室
140,福建省厦门市思明区文兴东三里21号403室
141,福建省厦门市思明区洪文一里6号601室
142,福建省厦门市思明区洪文五里57号201室
143,福建省厦门市思明区洪莲里109号702室
144,福建省厦门市思明区洪莲西里74号402室
145,福建省厦门市思明区侨文里28号402室
146,福建省厦门市思明区洪莲路1号1201室
147,福建省厦门市思明区店上东里82号702室
148,福建省厦门市思明区洪莲西里73号101室
149,福建省厦门市思明区西林社115号602室
150,福建省厦门市思明区西林西二里22号C102室
151,福建省厦门市思明区洪文四里13号902室
152,福建省厦门市思明区洪文七里1号301室
153,福建省厦门市思明区洪文一里55号502室
154,福建省厦门市思明区店上东里27号306室
155,福建省厦门市思明区文兴东三里26号205室
156,福建省厦门市思明区前埔二里212号905室
157,福建省厦门市思明区前埔二里212号905室
158,福建省厦门市思明区东浦路248号702室
159,福建省厦门市思明区店上东里38号104室
160,福建省厦门市思明区洪文六里189号
161,福建省厦门市思明区前埔一里65号607室
162,福建省厦门市思明区东芳山庄15号
163,福建省厦门市思明区东浦三里5号1702室
164,福建省厦门市思明区洪莲里111号1101室
165,福建省厦门市思明区侨文里4-9号
166,福建省厦门市思明区前埔五里176号602室
167,福建省厦门市思明区洪莲西里77号102室
168,福建省厦门市思明区西林西里2号703室
169,福建省厦门市思明区洪莲西里147号102-1室
170,福建省厦门市思明区西林社113号606室
171,福建省厦门市思明区洪文三里17号C109室
172,福建省厦门市思明区洪文七里8号102室
173,福建省厦门市思明区前埔一里121号201室
174,福建省厦门市思明区会展路198号
175,福建省厦门市思明区会展路198号
176,福建省厦门市思明区会展路198号
177,福建省厦门市思明区会展路198号
178,福建省厦门市思明区古楼北里43号702室
179,福建省厦门市思明区前埔五里162号402室
180,福建省厦门市思明区莲前西路703号102室
181,福建省厦门市思明区云顶岩路33号401室
182,福建省厦门市思明区洪莲西二里177号601室
183,福建省厦门市思明区洪文六里24号202室
184,福建省厦门市思明区前埔一里207号309室
185,福建省厦门市思明区前埔二里50号604室
186,福建省厦门市思明区店上东里91号404室
187,福建省厦门市思明区前埔二里54号402室
188,福建省厦门市思明区田厝路19号104室
189,福建省厦门市思明区文兴东二里30号406室
190,福建省厦门市思明区洪文二里105号402室
191,福建省厦门市思明区洪文一里60号402室
192,福建省厦门市思明区前埔东一里12号503室
193,福建省厦门市思明区洪文一里107号101室
194,福建省厦门市思明区莲前西路803号1401室
195,福建省厦门市思明区前埔五里168号901室
196,福建省厦门市思明区云顶中路701号202室
197,福建省厦门市思明区莲前西路741号741-5室
198,福建省厦门市思明区洪莲西里150号101-2室
199,福建省厦门市思明区东浦路248-2号101室
200,福建省厦门市思明区前埔一里203-15号201室
201,福建省厦门市思明区西林东里35号308室
202,福建省厦门市思明区前埔一里75号206室
203,福建省厦门市思明区前埔一里208号408室
204,福建省厦门市思明区文兴东一里9号107-707室
205,福建省厦门市思明区前埔一里184号903室
206,福建省厦门市思明区莲前东路383号1203室
207,福建省厦门市思明区洪莲里56号206室
208,福建省厦门市思明区洪文一里20号501室
209,福建省厦门市思明区洪文八里120号401室
210,福建省厦门市思明区东浦路198号504室
211,福建省厦门市思明区洪莲路11号401室
212,福建省厦门市思明区前埔二里11号102室
213,福建省厦门市思明区东芳山庄17号105室
214,福建省厦门市思明区店上东里76号401室
215,福建省厦门市思明区前埔一里209号105室
216,福建省厦门市思明区西林东路413号
217,福建省厦门市思明区莲前西路274号102室
218,福建省厦门市思明区莲前西路685号304室
219,福建省厦门市思明区前埔一里181号904室
220,福建省厦门市思明区洪文一里125号301室
221,福建省厦门市思明区前埔二里41号704室
222,福建省厦门市思明区古兴里6号703室
223,福建省厦门市思明区洪莲东二里49号402室
224,福建省厦门市思明区前埔东一里28号202室
225,福建省厦门市思明区东浦路190号606室
226,福建省厦门市思明区前埔一里181号704室
227,福建省厦门市思明区莲前东路186号
228,福建省厦门市思明区前埔南路56号
229,福建省厦门市思明区前埔东路19号
230,福建省厦门市思明区文兴东三里43号
231,福建省厦门市思明区前埔五里186号
232,福建省厦门市思明区东芳山庄46号
233,福建省厦门市思明区莲前西路316号
234,福建省厦门市思明区洪莲西里94号
235,福建省厦门市思明区洪莲里25号
236,福建省厦门市思明区洪莲西里99号
237,福建省厦门市思明区田厝路110号
238,福建省厦门市思明区潘宅路76号
239,福建省厦门市思明区西林西里87-4-3号
240,福建省厦门市思明区西林东里233号
241,福建省厦门市思明区东芳山庄52号
242,福建省厦门市思明区莲前东路698号
243,福建省厦门市思明区西林东里220号
244,福建省厦门市思明区前埔南路64号
245,福建省厦门市思明区前埔二里59号
246,福建省厦门市思明区云顶中路404号
247,福建省厦门市思明区莲前东路740号
248,福建省厦门市思明区洪莲北二路1179号
249,福建省厦门市思明区云顶中路402号
250,福建省厦门市思明区前埔二里211号
251,福建省厦门市思明区西林东里140号
252,福建省厦门市思明区东浦路545号
253,福建省厦门市思明区西林东里125号
254,福建省厦门市思明区洪文一里30号
255,福建省厦门市思明区前埔西路351号
256,福建省厦门市思明区洪文八里85号
257,福建省厦门市思明区莲前东路738号
258,福建省厦门市思明区洪莲西里49-1号503室
259,福建省厦门市思明区洪莲里68-5号
260,福建省厦门市思明区洪文一里139号302室
261,福建省厦门市思明区洪莲里64号504室
262,福建省厦门市思明区洪文六里51号203室
263,福建省厦门市思明区文兴东三里27号603室
264,福建省厦门市思明区前埔二里119号703室
265,福建省厦门市思明区店上东里78号706室
266,福建省厦门市思明区店上东里78号706室
267,福建省厦门市思明区洪文一里102号301室
268,福建省厦门市思明区前埔一里189号503室
269,福建省厦门市思明区店上西里9号402室
270,福建省厦门市思明区莲前西路727号602室
271,福建省厦门市思明区前埔二里51号207室
272,福建省厦门市思明区前埔一里169号106室
273,福建省厦门市思明区洪莲里83号102室
274,福建省厦门市思明区洪文三里4号701室
275,福建省厦门市思明区东山社70号
276,福建省厦门市思明区西林路50号501室
277,福建省厦门市思明区洪莲东二里7号1303室
278,福建省厦门市思明区文兴东一里25号503室
279,福建省厦门市思明区店上西里3号206室
280,福建省厦门市思明区前埔一里212号617室
281,福建省厦门市思明区洪文七里5号1803室
282,福建省厦门市思明区莲前东路707号401室
283,福建省厦门市思明区西林西二里38号802室
284,福建省厦门市思明区洪文石村社南片区16号
285,福建省厦门市思明区西林社98号101室
286,福建省厦门市思明区莲前西路192号301室
287,福建省厦门市思明区西林西里87-4号203室
288,福建省厦门市思明区洪文四里17号901室
289,福建省厦门市思明区洪文一里45号501室
290,福建省厦门市思明区西林路44号305室
291,福建省厦门市思明区洪文六里11号702室
292,福建省厦门市思明区洪文六里11号702室
293,福建省厦门市思明区店上西里28号304室
294,福建省厦门市思明区前埔二里34号606室
295,福建省厦门市思明区侨文里16号401室
296,福建省厦门市思明区前埔一里43号501室
297,福建省厦门市思明区店上东里52号706室
298,福建省厦门市思明区洪莲里19号103室
299,福建省厦门市思明区店上东里94号304室
300,福建省厦门市思明区古楼南里32号301室
301,福建省厦门市思明区洪莲里79号502室
302,福建省厦门市思明区云顶中路741号302室
303,福建省厦门市思明区洪文三里11号604室
304,福建省厦门市思明区西林西二里38号302室
305,福建省厦门市思明区西林西二里38号302室
306,福建省厦门市思明区洪莲里117号102室
307,福建省厦门市思明区洪文一里80号102室
308,福建省厦门市思明区洪莲里85号502室
309,福建省厦门市思明区前埔五里207号302室
310,福建省厦门市思明区洪莲里88号401室
311,福建省厦门市思明区西林西里102号101室
312,福建省厦门市思明区洪文泥窟社北片区8号
313,福建省厦门市思明区洪文七里2号2001室
314,福建省厦门市思明区莲前西路857号204室
315,福建省厦门市思明区西林东里147号401室
316,福建省厦门市思明区洪文二里103号602室
317,福建省厦门市思明区洪莲里80号501室
318,福建省厦门市思明区前埔一里157号402室
319,福建省厦门市思明区洪莲里94号801-2室
320,福建省厦门市思明区西林东里194-1号
321,福建省厦门市思明区云顶岩路67号117室
322,福建省厦门市思明区东浦路240号C109室
323,福建省厦门市思明区洪文一里29号C119室
324,福建省厦门市思明区西林东里151号501室
325,福建省厦门市思明区文兴东二里29号603室
326,福建省厦门市思明区店上西里40号305室
327,福建省厦门市思明区店上东里8号501室
328,福建省厦门市思明区店上东里8号501室
329,福建省厦门市思明区前埔二里214号501室
330,福建省厦门市思明区店上东里60号103室
331,福建省厦门市思明区西林路48号301室
332,福建省厦门市思明区前埔二里186号406室
333,福建省厦门市思明区莲前西路857号404室
334,福建省厦门市思明区西林西里161号202室
335,福建省厦门市思明区前埔东一里13号502室
336,福建省厦门市思明区洪文一里39号702室
337,福建省厦门市思明区侨龙里11号202室
338,福建省厦门市思明区前埔一里148号306室
339,福建省厦门市思明区莲前东路788号605室
340,福建省厦门市思明区前埔一里116号301室
341,福建省厦门市思明区洪莲西里146号501室
342,福建省厦门市思明区侨兴里18号801室
343,福建省厦门市思明区洪文六里66号1102室
344,福建省厦门市思明区莲前东路850号701室
345,福建省厦门市思明区前埔二里31号303室
346,福建省厦门市思明区洪莲路34号102室
347,福建省厦门市思明区店上东里55号1301室
348,福建省厦门市思明区洪文六里147号502室
349,福建省厦门市思明区洪莲西里71号601-3室
350,福建省厦门市思明区云顶中路717号601-1室
351,福建省厦门市思明区西林西二里2号102室
352,福建省厦门市思明区西林西里30号C306室
353,福建省厦门市思明区西林西里17号C405室
354,福建省厦门市思明区西林东里165号C102室
355,福建省厦门市思明区东浦路178号C104室
356,福建省厦门市思明区洪莲里18-101号
357,福建省厦门市思明区前埔五里194号201室
358,福建省厦门市思明区前埔一里96号201室
359,福建省厦门市思明区吕岭路1599号1501室
360,福建省厦门市思明区西林西二里37号1102室
361,福建省厦门市思明区田厝路23号605室
362,福建省厦门市思明区西林西里50号606室
363,福建省厦门市思明区前埔一里183号906室
364,福建省厦门市思明区莲前西路122号406室
365,福建省厦门市思明区莲前东路914号202室
366,福建省厦门市思明区前埔东一里13号404室
367,福建省厦门市思明区莲前西路260号103室
368,福建省厦门市思明区东浦路246号402室
369,福建省厦门市思明区莲前西路743号502室
370,福建省厦门市思明区店上东里93号406室
371,福建省厦门市思明区西林东路204号203室
372,福建省厦门市思明区店上东里92号501室
373,福建省厦门市思明区前埔西路200号301室
374,福建省厦门市思明区洪文六里137号702室
375,福建省厦门市思明区文兴东三里21号404室
376,福建省厦门市思明区洪莲西里29号503室
377,福建省厦门市思明区西林西里76号201室
378,福建省厦门市思明区洪文五里71号102室
379,福建省厦门市思明区洪文六里199号203室
380,福建省厦门市思明区洪文石村社北片区67号
381,福建省厦门市思明区前埔东路200号402室
382,福建省厦门市思明区洪莲东二里5号1101室
383,福建省厦门市思明区西林社80号310室
384,福建省厦门市思明区东坪山社11-1号102室
385,福建省厦门市思明区洪莲西里5号1001室
386,福建省厦门市思明区金尚路44-1号203室
387,福建省厦门市思明区云顶岩路59号105室
388,福建省厦门市思明区洪文七里9号103室
389,福建省厦门市思明区西林社95-103号
390,福建省厦门市思明区东浦路190号101室
391,福建省厦门市思明区西林西二里23号201室
392,福建省厦门市思明区东浦路160号202室
393,福建省厦门市思明区西林东里147号201室
394,福建省厦门市思明区洪文六里6号201室
395,福建省厦门市思明区莲前东路780号703室
396,福建省厦门市思明区前埔二里187号403室
397,福建省厦门市思明区洪文石村社北片区52号
398,福建省厦门市思明区文兴东三里26号105室
399,福建省厦门市思明区洪文六里8号201室
400,福建省厦门市思明区西林东路167号601室
401,福建省厦门市思明区前埔二里134号404室
402,福建省厦门市思明区洪莲东二里9号505室
403,福建省厦门市思明区西林东路295号405室
404,福建省厦门市思明区洪莲西里144号401室
405,福建省厦门市思明区东芳山庄17号205室
406,福建省厦门市思明区前埔一里159号305室
407,福建省厦门市思明区前埔二里130号206室
408,福建省厦门市思明区洪文六里66号602室
409,福建省厦门市思明区莲前东路818号703室
410,福建省厦门市思明区洪莲中路611号1508室
411,福建省厦门市思明区莲前东路619号904室
412,福建省厦门市思明区西林西里141-3号
413,福建省厦门市思明区西林西里145号906室
414,福建省厦门市思明区洪文五里84号1201室
415,福建省厦门市思明区洪文一里50号C105室
416,福建省厦门市思明区洪莲里62号C107室
417,福建省厦门市思明区田厝路11号805-1室
418,福建省厦门市思明区洪文一里108号301室
419,福建省厦门市思明区西林东里196号606室
420,福建省厦门市思明区洪文八里52号
421,福建省厦门市思明区洪文六里24号402室
422,福建省厦门市思明区前埔一里55号607室
423,福建省厦门市思明区前埔东一里4号1002室
424,福建省厦门市思明区西林西里84号511室
425,福建省厦门市思明区前埔东一里5号502室
426,福建省厦门市思明区前埔二里193号409室
427,福建省厦门市思明区西林东里205号610室
428,福建省厦门市思明区洪文一里138号202室
429,福建省厦门市思明区洪莲东二里28号1702室
430,福建省厦门市思明区云顶中路725号601室
431,福建省厦门市思明区洪文七里96-1号
432,福建省厦门市思明区西林西里126号1室
433,福建省厦门市思明区洪文一里7号601室
434,福建省厦门市思明区洪文一里53号301室
435,福建省厦门市思明区洪莲里30号
436,福建省厦门市思明区西林东里200号106室
437,福建省厦门市思明区洪莲西里74号601室
438,福建省厦门市思明区洪文六里134号401室
439,福建省厦门市思明区东坪山社69号
440,福建省厦门市思明区莲前西路693号101室
441,福建省厦门市思明区洪文六里56号102室
442,福建省厦门市思明区洪莲东二里5号1501室
443,福建省厦门市思明区莲前西路726号1203室
444,福建省厦门市思明区西林社27号112室
445,福建省厦门市思明区西林社83号504室
446,福建省厦门市思明区西林社93号405室
447,福建省厦门市思明区西林东里40号C514室
448,福建省厦门市思明区莲前西路162-1号C119室
449,福建省厦门市思明区洪文八里116号C102室
450,福建省厦门市思明区洪莲西路37号319室
451,福建省厦门市思明区莲前西路120号307室
452,福建省厦门市思明区西林西里8号205室
453,福建省厦门市思明区东浦路194号402室
454,福建省厦门市思明区洪莲西二里161号602室
455,福建省厦门市思明区西林东里19号203室
456,福建省厦门市思明区云顶中路717号301室
457,福建省厦门市思明区古楼北里66号703室
458,福建省厦门市思明区洪莲西里33号902室
459,福建省厦门市思明区店上东里88号201室
460,福建省厦门市思明区前埔一里65号108室
461,福建省厦门市思明区店上东里14号502室
462,福建省厦门市思明区古楼北里36号206室
463,福建省厦门市思明区洪莲东二里51号1102室
464,福建省厦门市思明区西林东里100号1室
465,福建省厦门市思明区洪文二里105号201室
466,福建省厦门市思明区洪文五里50号1001室
467,福建省厦门市思明区洪文六里145号302室
468,福建省厦门市思明区洪文六里138号201室
469,福建省厦门市思明区店上东里58号107室
470,福建省厦门市思明区洪莲路13号1501室
471,福建省厦门市思明区洪莲东二里32号1101室
472,福建省厦门市思明区洪莲西里18号102室
473,福建省厦门市思明区西林东路5号801室
474,福建省厦门市思明区洪莲里95号1103室
475,福建省厦门市思明区前埔六里4号1701室
476,福建省厦门市思明区西林东路434号108室
477,福建省厦门市思明区洪莲西路31-9号209室
478,福建省厦门市思明区洪文四里13号1902室
479,福建省厦门市思明区店上东里38号702室
480,福建省厦门市思明区前埔二里162号412室
481,福建省厦门市思明区前埔一里68号601室
482,福建省厦门市思明区前埔二里206号405室
483,福建省厦门市思明区店上东里72号103室
484,福建省厦门市思明区洪文六里30号201室
485,福建省厦门市思明区前埔一里223号503室
486,福建省厦门市思明区莲前西路254号302室
487,福建省厦门市思明区西林东路173号303室
488,福建省厦门市思明区西林东路173号303室
489,福建省厦门市思明区前埔一里43号902室
490,福建省厦门市思明区洪文一里23号601室
491,福建省厦门市思明区云顶中路737号302室
492,福建省厦门市思明区莲前东路856号502室
493,福建省厦门市思明区东浦三里17号201室
494,福建省厦门市思明区洪文五里54号205室
495,福建省厦门市思明区西林西二里28号502室
496,福建省厦门市思明区云顶岩路45号303室
497,福建省厦门市思明区西林东里199号404室
498,福建省厦门市思明区西林东路303号303室
499,福建省厦门市思明区前埔二里161号614室
500,福建省厦门市思明区洪文五里78号303室
501,福建省厦门市思明区前埔一里220号301室
502,福建省厦门市思明区洪文一里42号402室
503,福建省厦门市思明区莲前西路292号204室
504,福建省厦门市思明区前埔一里90号302室
505,福建省厦门市思明区东浦三里29号208室
506,福建省厦门市思明区西林社113号505室
507,福建省厦门市思明区西林东里148号C101室
508,福建省厦门市思明区洪文三里9号104室
509,福建省厦门市思明区侨文里377号201室
510,福建省厦门市思明区东山社64-1号101室
511,福建省厦门市思明区洪文一里15号502室
512,福建省厦门市思明区莲前东路836号103室
513,福建省厦门市思明区前埔二里157号503室
514,福建省厦门市思明区西林东里137号301室
515,福建省厦门市思明区文兴东三里16号203室
516,福建省厦门市思明区前埔一里41号403室
517,福建省厦门市思明区云顶岩路37号101室
518,福建省厦门市思明区店上东里1号301室
519,福建省厦门市思明区前埔一里59号303室
520,福建省厦门市思明区洪文六里32号
521,福建省厦门市思明区东坪山社36号
522,福建省厦门市思明区洪莲西里53号404室
523,福建省厦门市思明区西林东里206号503室
524,福建省厦门市思明区洪文七里9号1001室
525,福建省厦门市思明区前埔一里166号506室
526,福建省厦门市思明区店上东里80号202室
527,福建省厦门市思明区洪文泥窟社西片区1号
528,福建省厦门市思明区前埔六里16号1402室
529,福建省厦门市思明区莲前西路859-1号
530,福建省厦门市思明区前埔六里4号301室
531,福建省厦门市思明区洪文一里19号502室
532,福建省厦门市思明区洪莲北二路1535号
533,福建省厦门市思明区西林社85号301室
534,福建省厦门市思明区莲前西路282号602室
535,福建省厦门市思明区西林西里120号502室
536,福建省厦门市思明区洪文六里54号
537,福建省厦门市思明区店上东里40号204室
538,福建省厦门市思明区洪莲路98号501室
539,福建省厦门市思明区店上东里10号404室
540,福建省厦门市思明区洪莲路44号101室
541,福建省厦门市思明区洪文一里73号702室
542,福建省厦门市思明区文兴东三里30号303室
543,福建省厦门市思明区金尚路10号201室
544,福建省厦门市思明区前埔二里198号307室
545,福建省厦门市思明区文兴东三里24号604室
546,福建省厦门市思明区洪莲西里136号102室
547,福建省厦门市思明区洪莲东二里52号1002室
548,福建省厦门市思明区西林西里33号
549,福建省厦门市思明区莲前西路725号11室
550,福建省厦门市思明区前埔二里56号505室
551,福建省厦门市思明区洪文一里126号102室
552,福建省厦门市思明区前埔一里71号208室
553,福建省厦门市思明区东浦路188号303室
554,福建省厦门市思明区东浦三里11号1102室
555,福建省厦门市思明区前埔五里201号802室
556,福建省厦门市思明区前埔一里238号301室
557,福建省厦门市思明区洪莲东二里34号203室
558,福建省厦门市思明区洪文一里90号702室
559,福建省厦门市思明区洪文七里95-1号206室
560,福建省厦门市思明区云顶中路684号101室
561,福建省厦门市思明区洪莲中路533号
562,福建省厦门市思明区洪文六里64号106室
563,福建省厦门市思明区莲前西路108号202室
564,福建省厦门市思明区莲前东路1188号1208室
565,福建省厦门市思明区西林东里146号C104室
566,福建省厦门市思明区西林西里6号C405室
567,福建省厦门市思明区东浦路154号C126室
568,福建省厦门市思明区洪文一里123号301室
569,福建省厦门市思明区前埔二里186号106室
570,福建省厦门市思明区侨文里27号202室
571,福建省厦门市思明区莲前西路288号602室
572,福建省厦门市思明区洪莲西里168号204室
573,福建省厦门市思明区古楼南里16号401室
574,福建省厦门市思明区东浦路178号503室
575,福建省厦门市思明区洪莲东二里50号203室
576,福建省厦门市思明区洪文八里46号401室
577,福建省厦门市思明区洪文一里53号101室
578,福建省厦门市思明区店上东里100号102室
579,福建省厦门市思明区洪文一里83号202室
580,福建省厦门市思明区洪文五里58号202室
581,福建省厦门市思明区店上东里50号406室
582,福建省厦门市思明区洪文六里58号702室
583,福建省厦门市思明区古楼北里51号508室
584,福建省厦门市思明区西林西里118号1202室
585,福建省厦门市思明区莲前西路721号603室
586,福建省厦门市思明区洪莲西里143号402室
587,福建省厦门市思明区西林西里40号418室
588,福建省厦门市思明区古楼南里12号204室
589,福建省厦门市思明区前埔五里197号405室
590,福建省厦门市思明区前埔东一里17号303室
591,福建省厦门市思明区洪莲里21号604-3室
592,福建省厦门市思明区西林社111号105室
593,福建省厦门市思明区洪文七里36号104室
594,福建省厦门市思明区莲前东路762号C103室
595,福建省厦门市思明区莲前西路136号C103室
596,福建省厦门市思明区云顶中路701号201室
597,福建省厦门市思明区莲前西路164号602室
598,福建省厦门市思明区西林西里57号702室
599,福建省厦门市思明区洪莲路108号501室
600,福建省厦门市思明区洪莲路108号501室
601,福建省厦门市思明区洪文六里37号501室
602,福建省厦门市思明区前埔一里164号602室
603,福建省厦门市思明区莲前西路118号507室
604,福建省厦门市思明区店上东里59号406室
605,福建省厦门市思明区前埔五里170号302室
606,福建省厦门市思明区西林东里195号105室
607,福建省厦门市思明区西林西里69号301室
608,福建省厦门市思明区洪莲西里2号102室
609,福建省厦门市思明区洪文一里82号702室
610,福建省厦门市思明区前埔一里144号113室
611,福建省厦门市思明区前埔一里66号106室
612,福建省厦门市思明区莲前东路822号506室
613,福建省厦门市思明区莲前西路224号202室
614,福建省厦门市思明区前埔二里188号302室
615,福建省厦门市思明区莲前东路810号301室
616,福建省厦门市思明区洪莲里79号401室
617,福建省厦门市思明区莲前西路140号502室
618,福建省厦门市思明区古楼南里31号402室
619,福建省厦门市思明区店上东里91号303室
620,福建省厦门市思明区洪莲西里41号303室
621,福建省厦门市思明区洪文一里110号601室
622,福建省厦门市思明区洪文五里3号601-1室
623,福建省厦门市思明区莲前东路788-3号
624,福建省厦门市思明区莲前西路122号101室
625,福建省厦门市思明区西林西里56号C707室
626,福建省厦门市思明区洪莲里67号C112室
627,福建省厦门市思明区莲前西路130号202室
628,福建省厦门市思明区西林西里29号502室
629,福建省厦门市思明区洪文一里6号301室
630,福建省厦门市思明区前埔二里16号505室
631,福建省厦门市思明区莲前东路750号303室
632,福建省厦门市思明区前埔五里170号1001室
633,福建省厦门市思明区洪文一里78号402室
634,福建省厦门市思明区西林东里162号501室
635,福建省厦门市思明区莲前东路844号101室
636,福建省厦门市思明区前埔二里28号603室
637,福建省厦门市思明区前埔一里200号205室
638,福建省厦门市思明区前埔二里162号312室
639,福建省厦门市思明区前埔二里182号105室
640,福建省厦门市思明区莲前西路721号304室
641,福建省厦门市思明区洪文七里83号402室
642,福建省厦门市思明区洪莲西里78号602室
643,福建省厦门市思明区洪文六里139号902室
644,福建省厦门市思明区东浦路146号504室
645,福建省厦门市思明区洪莲西里21号702室
646,福建省厦门市思明区西林西里165号102室
647,福建省厦门市思明区文兴东路46号
648,福建省厦门市思明区文兴东路46号
649,福建省厦门市思明区西林东路21-9号102室
650,福建省厦门市思明区东坪山社35号201室
651,福建省厦门市思明区洪文六里19号112室
652,福建省厦门市思明区西林东里194-10号
653,福建省厦门市思明区洪莲西里49-1号302室
654,福建省厦门市思明区洪文一里19号301室
655,福建省厦门市思明区东浦三里9号B122室
656,福建省厦门市思明区西林西里52号106-2室
657,福建省厦门市思明区前埔一里82号106室
658,福建省厦门市思明区前埔二里200号303室
659,福建省厦门市思明区西林西里42号901室
660,福建省厦门市思明区前埔二里181号408室
661,福建省厦门市思明区文兴东三里23号404室
662,福建省厦门市思明区前埔二里204号602室
663,福建省厦门市思明区莲前西路230号1103室
664,福建省厦门市思明区洪莲东二里49号1104室
665,福建省厦门市思明区店上东里99号304室
666,福建省厦门市思明区洪莲北二路1169号
667,福建省厦门市思明区西林西里21号
668,福建省厦门市思明区莲前西路152号203室
669,福建省厦门市思明区洪莲西里54号1803室
670,福建省厦门市思明区西林西二里20号403室
671,福建省厦门市思明区洪莲西里143号301室
672,福建省厦门市思明区莲前西路801号1301室
673,福建省厦门市思明区店上东里12号305室
674,福建省厦门市思明区侨文里20号703室
675,福建省厦门市思明区田厝路114号
676,福建省厦门市思明区云顶中路454号
677,福建省厦门市思明区洪莲西里63号
678,福建省厦门市思明区洪文四里7-1号
679,福建省厦门市思明区东芳山庄92号
680,福建省厦门市思明区莲前东路961号
681,福建省厦门市思明区东浦路533号
682,福建省厦门市思明区前埔二里150号
683,福建省厦门市思明区吕岭路1006号
684,福建省厦门市思明区西林东里161号
685,福建省厦门市思明区洪文六里153号
686,福建省厦门市思明区云顶中路656号
687,福建省厦门市思明区潘宅路28号
688,福建省厦门市思明区东浦路505号
689,福建省厦门市思明区云顶中路508号
690,福建省厦门市思明区洪莲北二路1197-101号
691,福建省厦门市思明区莲前东路636号
692,福建省厦门市思明区前埔西路371号
693,福建省厦门市思明区莲前东路920-12号
694,福建省厦门市思明区东芳山庄37号
695,福建省厦门市思明区洪文八里74号
696,福建省厦门市思明区前埔南路82号
697,福建省厦门市思明区东浦路515号
698,福建省厦门市思明区莲前东路623号
699,福建省厦门市思明区西林西里80号
700,福建省厦门市思明区东芳山庄20号
701,福建省厦门市思明区洪莲北二路1169-1号
702,福建省厦门市思明区文兴东二里47号
703,福建省厦门市思明区前埔中路233号
704,福建省厦门市思明区莲前西路312号
705,福建省厦门市思明区洪文七里31-15号
706,福建省厦门市思明区东浦路47号
707,福建省厦门市思明区莲前西路336-18号
708,福建省厦门市思明区前埔五里143号
709,福建省厦门市思明区前埔五里182号
710,福建省厦门市思明区潘宅路80号
711,福建省厦门市思明区东芳山庄88号
712,福建省厦门市思明区前埔西路327号
713,福建省厦门市思明区云顶中路528号
714,福建省厦门市思明区莲前东路736-1号
715,福建省厦门市思明区洪莲北路1001号
716,福建省厦门市思明区文兴东三里56号
717,福建省厦门市思明区云顶中路674号
718,福建省厦门市思明区东芳山庄65号
719,福建省厦门市思明区洪莲中路12号
720,福建省厦门市思明区莲前东路583号
721,福建省厦门市思明区云顶中路432号
722,福建省厦门市思明区洪莲中路51-1号
723,福建省厦门市思明区前埔一里48号
724,福建省厦门市思明区文兴东二里51号
725,福建省厦门市思明区文兴东三里44号
726,福建省厦门市思明区文兴东三里58号
727,福建省厦门市思明区洪文六里18号
728,福建省厦门市思明区洪文六里155号
729,福建省厦门市思明区莲前东路977号
730,福建省厦门市思明区东芳山庄60号
731,福建省厦门市思明区洪莲路426号
732,福建省厦门市思明区前埔一里97号
733,福建省厦门市思明区店上东里31号
734,福建省厦门市思明区店上东里31号
735,福建省厦门市思明区潘宅路38号
736,福建省厦门市思明区洪莲西里91号
737,福建省厦门市思明区前埔南路92号
738,福建省厦门市思明区吕岭路1384-5号
739,福建省厦门市思明区洪文八里72号
740,福建省厦门市思明区西林东里212号
741,福建省厦门市思明区西林路46-20号
742,福建省厦门市思明区东浦路549号
743,福建省厦门市思明区洪莲中路37号
744,福建省厦门市思明区洪莲北路1021号
745,福建省厦门市思明区洪莲西里122号
746,福建省厦门市思明区前埔西路373号
747,福建省厦门市思明区云顶中路486号
748,福建省厦门市思明区吕岭路1010-1号
749,福建省厦门市思明区洪莲北二路1507号
750,福建省厦门市思明区洪文八里103号
751,福建省厦门市思明区莲前东路975号
752,福建省厦门市思明区洪莲北二路1149号
753,福建省厦门市思明区前埔中路209号
754,福建省厦门市思明区文兴西路1507号
755,福建省厦门市思明区前埔南路94号
756,福建省厦门市思明区莲前东路904号
757,福建省厦门市思明区西林西里162号
758,福建省厦门市思明区洪莲路388号
759,福建省厦门市思明区云顶中路500号
760,福建省厦门市思明区潘宅路66号
761,福建省厦门市思明区文兴东三里45号
762,福建省厦门市思明区前埔一里131号
763,福建省厦门市思明区前埔西路460号
764,福建省厦门市思明区洪莲中路21号
765,福建省厦门市思明区前埔中路277号
766,福建省厦门市思明区莲前东路886-1号
767,福建省厦门市思明区西林东里228号
768,福建省厦门市思明区洪莲西二里178号
769,福建省厦门市思明区云顶中路602号
770,福建省厦门市思明区前埔南路80-1号
771,福建省厦门市思明区文兴东二里62号
772,福建省厦门市思明区吕岭路1074号
773,福建省厦门市思明区吕岭路1038号
774,福建省厦门市思明区西林东里114号
775,福建省厦门市思明区田厝路162号
776,福建省厦门市思明区莲前东路646号
777,福建省厦门市思明区潘宅路52号
778,福建省厦门市思明区洪文一里25-16号
779,福建省厦门市思明区云顶中路648-9号
780,福建省厦门市思明区莲前西路697号
781,福建省厦门市思明区西林东里223号
782,福建省厦门市思明区前埔西路379号
783,福建省厦门市思明区潘宅路40号
784,福建省厦门市思明区西林西二路79号
785,福建省厦门市思明区洪莲路386-1号
786,福建省厦门市思明区东芳山庄90-1号
787,福建省厦门市思明区前埔一里94-101号
788,福建省厦门市思明区莲前东路858号
789,福建省厦门市思明区前埔二里41号
790,福建省厦门市思明区洪莲西里89号
791,福建省厦门市思明区云顶中路410号
792,福建省厦门市思明区莲前东路661号
793,福建省厦门市思明区云顶中路574号
794,福建省厦门市思明区云顶中路680号
795,福建省厦门市思明区莲前西路731-6号
796,福建省厦门市思明区洪莲北二路1527号
797,福建省厦门市思明区东芳山庄98号
798,福建省厦门市思明区莲前西路142号
799,福建省厦门市思明区东芳山庄79号
800,福建省厦门市思明区洪莲西里113号
801,福建省厦门市思明区前埔五里184号
802,福建省厦门市思明区洪莲西里131号
803,福建省厦门市思明区洪莲北二路812-1号
804,福建省厦门市思明区洪文四里9-104-101号
805,福建省厦门市思明区洪莲里27号
806,福建省厦门市思明区莲前西路318号
807,福建省厦门市思明区前埔西路291号
808,福建省厦门市思明区莲前东路79号
809,福建省厦门市思明区田厝路168号
810,福建省厦门市思明区玉亭里19号
811,福建省厦门市思明区潘宅路56号
812,福建省厦门市思明区东芳山庄74号
813,福建省厦门市思明区云顶中路668-101号
814,福建省厦门市思明区云顶中路428号
815,福建省厦门市思明区吕岭路1056号
816,福建省厦门市思明区前埔中路287号
817,福建省厦门市思明区洪莲中路501号
818,福建省厦门市思明区前埔一里155号
819,福建省厦门市思明区莲前西路310号
820,福建省厦门市思明区前埔一里101号
821,福建省厦门市思明区文兴东三里57号
822,福建省厦门市思明区东芳山庄56号
823,福建省厦门市思明区田厝路54号
824,福建省厦门市思明区文兴东三里53号
825,福建省厦门市思明区东浦路501号
826,福建省厦门市思明区田厝路98号
827,福建省厦门市思明区莲前东路665号
828,福建省厦门市思明区西林东里229号
829,福建省厦门市思明区东芳山庄1号
830,福建省厦门市思明区东芳山庄9号
831,福建省厦门市思明区东浦路128-1号
832,福建省厦门市思明区东芳山庄7号
833,福建省厦门市思明区前埔一里130号
834,福建省厦门市思明区前埔中路255号
835,福建省厦门市思明区文兴西路1513号
836,福建省厦门市思明区洪莲北二路820号
837,福建省厦门市思明区洪文六里182号
838,福建省厦门市思明区莲前东路889-114号
839,福建省厦门市思明区田厝路58号
840,福建省厦门市思明区文兴西路1501号
841,福建省厦门市思明区店上西里30号
842,福建省厦门市思明区洪莲西里110号
843,福建省厦门市思明区前埔一里132号
844,福建省厦门市思明区西林东路13号
845,福建省厦门市思明区文兴东三里3-1号
846,福建省厦门市思明区金尚路2-1号
847,福建省厦门市思明区前埔一里233号
848,福建省厦门市思明区洪莲中路35号
849,福建省厦门市思明区云顶中路546号
850,福建省厦门市思明区云顶中路608号
851,福建省厦门市思明区吕岭路1082号
852,福建省厦门市思明区洪莲北二路836-101号
853,福建省厦门市思明区洪文八里92号
854,福建省厦门市思明区莲前东路637号
855,福建省厦门市思明区洪莲北路1033号
856,福建省厦门市思明区洪莲西二里167号
857,福建省厦门市思明区东芳山庄58号
858,福建省厦门市思明区洪莲里48号
859,福建省厦门市思明区洪文六里165号
860,福建省厦门市思明区莲前东路644号
861,福建省厦门市思明区莲前东路675号
862,福建省厦门市思明区洪文一里132号
863,福建省厦门市思明区云顶中路672号
864,福建省厦门市思明区文兴东二里60号
865,福建省厦门市思明区前埔二里195号
866,福建省厦门市思明区洪文六里177号
867,福建省厦门市思明区田厝路148号
868,福建省厦门市思明区吕岭路1026号
869,福建省厦门市思明区洪莲西里92号
870,福建省厦门市思明区西林东里222号
871,福建省厦门市思明区莲前西路759号
872,福建省厦门市思明区洪莲中路507号
873,福建省厦门市思明区洪莲西里125号
874,福建省厦门市思明区莲前东路605号
875,福建省厦门市思明区东芳山庄70号
876,福建省厦门市思明区前埔中路243号
877,福建省厦门市思明区前埔五里134号
878,福建省厦门市思明区前埔南路74号
879,福建省厦门市思明区云顶中路713号
880,福建省厦门市思明区莲前东路669号
881,福建省厦门市思明区洪文六里115号
882,福建省厦门市思明区前埔路18号
883,福建省厦门市思明区洪莲北二路808号
884,福建省厦门市思明区洪莲北路1025号
885,福建省厦门市思明区莲前东路585号
886,福建省厦门市思明区洪莲里65号
887,福建省厦门市思明区洪莲路400号
888,福建省厦门市思明区洪文八里14号
889,福建省厦门市思明区潘宅路72号
890,福建省厦门市思明区洪文八里86号
891,福建省厦门市思明区西林东路444号201室
892,福建省厦门市思明区洪文八里98号C104室
893,福建省厦门市思明区洪文五里7号601室
894,福建省厦门市思明区店上东里50-2号603室
895,福建省厦门市思明区店上东里84号502室
896,福建省厦门市思明区云顶中路743号501室
897,福建省厦门市思明区洪莲西里24号602室
898,福建省厦门市思明区前埔二里187号407室
899,福建省厦门市思明区前埔二里185号507室
900,福建省厦门市思明区洪文八里122号602室
901,福建省厦门市思明区洪文六里67号1101室
902,福建省厦门市思明区洪莲里61号703室
903,福建省厦门市思明区洪莲西里76号602室
904,福建省厦门市思明区文兴东三里9号406室
905,福建省厦门市思明区田厝路19号703室
906,福建省厦门市思明区莲前西路728号2601室
907,福建省厦门市思明区洪文七里84-1号1001室
908,福建省厦门市思明区洪文七里89号1801室
909,福建省厦门市思明区洪文八里135号315室
910,福建省厦门市思明区东坪山社58号303室
911,福建省厦门市思明区莲前西路615号C112室
912,福建省厦门市思明区西林西里12号C206室
913,福建省厦门市思明区西林西里52号C206室
914,福建省厦门市思明区西林西里48号C213室
915,福建省厦门市思明区西林西里164号701室
916,福建省厦门市思明区洪莲里44号103室
917,福建省厦门市思明区洪文七里91号B103室
918,福建省厦门市思明区莲前西路178号C501室
919,福建省厦门市思明区洪莲路5号201室
920,福建省厦门市思明区金尚路32号702室
921,福建省厦门市思明区西林西里10号607室
922,福建省厦门市思明区西林西里73号708室
923,福建省厦门市思明区洪文一里55号402室
924,福建省厦门市思明区洪文一里96号202室
925,福建省厦门市思明区洪文一里126号101室
926,福建省厦门市思明区文兴东一里2号304室
927,福建省厦门市思明区西林东路305号101室
928,福建省厦门市思明区古楼南里3号301室
929,福建省厦门市思明区西林东里158号706室
930,福建省厦门市思明区前埔二里156号305室
931,福建省厦门市思明区前埔二里135号302室
932,福建省厦门市思明区店上东里100号702室
933,福建省厦门市思明区莲前东路906号401室
934,福建省厦门市思明区莲前西路725号901室
935,福建省厦门市思明区莲前西路260号102室
936,福建省厦门市思明区前埔东一里8号302室
937,福建省厦门市思明区洪莲里120号304室
938,福建省厦门市思明区前埔二里53号304室
939,福建省厦门市思明区店上东里7号503室
940,福建省厦门市思明区洪莲路30号401室
941,福建省厦门市思明区古楼南里49号101室
942,福建省厦门市思明区前埔一里210号303室
943,福建省厦门市思明区店上东里80号101室
944,福建省厦门市思明区店上东里18号705室
945,福建省厦门市思明区洪莲西里139号104室
946,福建省厦门市思明区洪文七里7号1001室
947,福建省厦门市思明区洪莲东二里54号903室
948,福建省厦门市思明区洪莲西里109号801室
949,福建省厦门市思明区洪文一里89号302室
950,福建省厦门市思明区洪莲西里37号203室
951,福建省厦门市思明区东浦路196号301室
952,福建省厦门市思明区店上东里102号203室
953,福建省厦门市思明区侨文里16号701室
954,福建省厦门市思明区前埔一里211号602室
955,福建省厦门市思明区古楼南里10号
956,福建省厦门市思明区古楼南里46号207室
957,福建省厦门市思明区洪文一里103号201室
958,福建省厦门市思明区东浦路152号203-803室
959,福建省厦门市思明区洪莲路50号502室
960,福建省厦门市思明区前埔二里222号906室
961,福建省厦门市思明区东浦三里15号202室
962,福建省厦门市思明区西林西二里29号402室
963,福建省厦门市思明区洪文一里93号701室
964,福建省厦门市思明区莲前西路723号404室
965,福建省厦门市思明区西林东里154号605室
966,福建省厦门市思明区西林东里154号605室
967,福建省厦门市思明区东浦三里7号901室
968,福建省厦门市思明区西林路46号303室
969,福建省厦门市思明区洪文一里44号702室
970,福建省厦门市思明区洪莲西里9号203室
971,福建省厦门市思明区洪莲里107号1102室
972,福建省厦门市思明区洪莲里114号1503室
973,福建省厦门市思明区洪莲东二里38号1003室
974,福建省厦门市思明区西林东里197号408室
975,福建省厦门市思明区店上西里23号608室
976,福建省厦门市思明区店上西里23号608室
977,福建省厦门市思明区洪文六里70号105室
978,福建省厦门市思明区金尚路4号502-1室
979,福建省厦门市思明区莲前东路1206号205室
980,福建省厦门市思明区前埔六里13号2301室
981,福建省厦门市思明区洪莲中路296号604室
982,福建省厦门市思明区洪莲中路292号706室
983,福建省厦门市思明区前埔五里199号711室
984,福建省厦门市思明区洪文七里28号103室
985,福建省厦门市思明区侨文里25号701室
986,福建省厦门市思明区云顶岩路53号208室
987,福建省厦门市思明区洪莲中路615号106室
988,福建省厦门市思明区洪莲中路55号
989,福建省厦门市思明区云顶岩路39-2号
990,福建省厦门市思明区西林西二里6号103室
991,福建省厦门市思明区洪莲西里1号602室
992,福建省厦门市思明区西林西里85号C501室
993,福建省厦门市思明区西林西里20号C608室
994,福建省厦门市思明区西林东里37号C315室
995,福建省厦门市思明区西林西里24号C709室
996,福建省厦门市思明区西林西里15号C604室
997,福建省厦门市思明区莲前西路192号101室
998,福建省厦门市思明区洪文三里8号801室
999,福建省厦门市思明区西林西里34号C109室
1000,福建省厦门市思明区东浦路184号C110室
1001,福建省厦门市思明区西林西里27号C123室
1002,福建省厦门市思明区潘宅路70-101号
1003,福建省厦门市思明区东浦三里30号404室
1004,福建省厦门市思明区云顶岩路31号C109室
1005,福建省厦门市思明区莲前东路834号C128室
1006,福建省厦门市思明区西林西二里1号C101室
1007,福建省厦门市思明区洪文一里131号C104室
1008,福建省厦门市思明区西林东路5号111室
1009,福建省厦门市思明区西林西二里28号201室
1010,福建省厦门市思明区前埔一里143号201室
1011,福建省厦门市思明区莲前西路170号C111室
1012,福建省厦门市思明区洪莲里57号C119室
1013,invalid
1014,福建省厦门市思明区西林东里41号911室
1015,福建省厦门市思明区西林东里2号402室
1016,福建省厦门市思明区西林东里29号704室
1017,福建省厦门市思明区莲前西路262号502室
1018,福建省厦门市思明区莲前西路156号402室
1019,福建省厦门市思明区洪文一里76号302室
1020,福建省厦门市思明区洪莲里66号503室
1021,福建省厦门市思明区洪文一里91号401室
1022,福建省厦门市思明区西林西里68号304室
1023,福建省厦门市思明区文兴东二里7号404室
1024,福建省厦门市思明区侨文里13号404室
1025,福建省厦门市思明区洪文八里90号302室
1026,福建省厦门市思明区洪莲西里7号601室
1027,福建省厦门市思明区店上西里39号601室
1028,福建省厦门市思明区店上东里52号405室
1029,福建省厦门市思明区古楼南里63号604室
1030,福建省厦门市思明区店上东里25号301室
1031,福建省厦门市思明区前埔二里159号318室
1032,福建省厦门市思明区古楼南里30号303室
1033,福建省厦门市思明区古楼南里古楼南里1号407室
1034,福建省厦门市思明区前埔一里168号101室
1035,福建省厦门市思明区前埔一里171号602室
1036,福建省厦门市思明区前埔一里169号1006室
1037,福建省厦门市思明区莲前东路808号404室
1038,福建省厦门市思明区前埔二里206号505室
1039,福建省厦门市思明区前埔一里42号605室
1040,福建省厦门市思明区前埔一里42号605室
1041,福建省厦门市思明区洪莲路82号202室
1042,福建省厦门市思明区洪文一里62号601室
1043,福建省厦门市思明区古楼南里59号401室
1044,福建省厦门市思明区洪文一里83号602室
1045,福建省厦门市思明区店上西里30号107室
1046,福建省厦门市思明区店上西里30号107室
1047,福建省厦门市思明区莲前西路250号501室
1048,福建省厦门市思明区西林西里167号502室
1049,福建省厦门市思明区西林西里80号617室
1050,福建省厦门市思明区西林东里49号206室
1051,福建省厦门市思明区古楼南里9号301室
1052,福建省厦门市思明区西林东里166号605室
1053,福建省厦门市思明区前埔东一里29号401室
1054,福建省厦门市思明区店上东里36号706室
1055,福建省厦门市思明区东浦路134号807室
1056,福建省厦门市思明区前埔二里56号406室
1057,福建省厦门市思明区店上东里32号602室
1058,福建省厦门市思明区洪文六里14号502室
1059,福建省厦门市思明区前埔一里202号302室
1060,福建省厦门市思明区田厝路1号401室
1061,福建省厦门市思明区前埔二里4号601室
1062,福建省厦门市思明区古楼南里20号506室
1063,福建省厦门市思明区西林西里30号205室
1064,福建省厦门市思明区店上东里70号601室
1065,福建省厦门市思明区店上东里70号601室
1066,福建省厦门市思明区莲前西路130号403室
1067,福建省厦门市思明区莲前西路196号602室
1068,福建省厦门市思明区前埔二里54号201室
1069,福建省厦门市思明区店上西里13号302室
1070,福建省厦门市思明区店上西里13号302室
1071,福建省厦门市思明区店上东里60号204室
1072,福建省厦门市思明区店上东里34号202室
1073,福建省厦门市思明区前埔东一里23号503室
1074,福建省厦门市思明区洪文六里142号602室
1075,福建省厦门市思明区西林东里22号607室
1076,福建省厦门市思明区洪莲东二里49号501室
1077,福建省厦门市思明区洪莲东二里4号401室
1078,福建省厦门市思明区洪莲东二里43号1101室
1079,福建省厦门市思明区洪莲东二里162号101室
1080,福建省厦门市思明区洪莲里114号1002室
1081,福建省厦门市思明区洪莲东二里35号101室
1082,福建省厦门市思明区洪莲西里154号603室
1083,福建省厦门市思明区前埔二里28号503室
1084,福建省厦门市思明区东浦路116号501室
1085,福建省厦门市思明区莲前西路619号201室
1086,福建省厦门市思明区洪莲东二里8号1601室
1087,福建省厦门市思明区洪莲西里44号602室
1088,福建省厦门市思明区前埔二里171号609室
1089,福建省厦门市思明区前埔东一里26号602室
1090,福建省厦门市思明区西林西里4号403室
1091,福建省厦门市思明区洪莲西里19号902室
1092,福建省厦门市思明区洪文八里46号602室
1093,福建省厦门市思明区前埔二里212号405室
1094,福建省厦门市思明区洪莲北路1037号
1095,福建省厦门市思明区店上东里50号406室
1096,福建省厦门市思明区洪文四里3号402室
1097,福建省厦门市思明区西林西里44号501室
1098,福建省厦门市思明区洪文八里114号601室
1099,福建省厦门市思明区文兴东一里20号105室
1100,福建省厦门市思明区侨洪里11号1301室
1101,福建省厦门市思明区西林西里58号108室
1102,福建省厦门市思明区莲前西路348号201室
1103,福建省厦门市思明区西林东里159号803室
1104,福建省厦门市思明区前埔一里238号801室
1105,福建省厦门市思明区莲前西路737号102室
1106,福建省厦门市思明区侨文里7号301室
1107,福建省厦门市思明区莲前东路705号501室
1108,福建省厦门市思明区前埔二里177号416室
1109,福建省厦门市思明区洪文七里5号1403室
1110,福建省厦门市思明区前埔二里209号704室
1111,福建省厦门市思明区西林东路405号402室
1112,福建省厦门市思明区洪莲西里160号1004室
1113,福建省厦门市思明区侨洪里6号1303室
1114,福建省厦门市思明区前埔二里167号601室
1115,福建省厦门市思明区莲前西路358号201室
1116,福建省厦门市思明区洪文一里108号602室
1117,福建省厦门市思明区洪文六里185号201室
1118,福建省厦门市思明区洪文六里188号402室
1119,福建省厦门市思明区洪莲西里150号601室
1120,福建省厦门市思明区洪莲西里142号301室
1121,福建省厦门市思明区前埔东一里15号504室
1122,福建省厦门市思明区东浦路240号401室
1123,福建省厦门市思明区前埔一里215号312室
1124,福建省厦门市思明区洪文六里145号201室
1125,福建省厦门市思明区东浦三里6号301室
1126,福建省厦门市思明区东浦三里22号601室
1127,福建省厦门市思明区洪文六里67号1102室
1128,福建省厦门市思明区莲前东路848号204室
1129,福建省厦门市思明区洪莲里98号1102室
1130,福建省厦门市思明区洪莲东二里36号401室
1131,福建省厦门市思明区侨文里31号203室
1132,福建省厦门市思明区洪莲东二里46号101室
1133,福建省厦门市思明区前埔东一里9号1201室
1134,福建省厦门市思明区前埔二里183号304室
1135,福建省厦门市思明区东浦三里27号802室
1136,福建省厦门市思明区东浦三里28号1804室
1137,福建省厦门市思明区西林东路3号1505室
1138,福建省厦门市思明区东浦三里26号3104室
1139,福建省厦门市思明区洪文五里91号601室
1140,福建省厦门市思明区文兴东三里1号B101室
1141,福建省厦门市思明区洪莲里112号1702-6室
1142,福建省厦门市思明区洪莲西里152号102-1室
1143,福建省厦门市思明区莲前西路730号1602室
1144,福建省厦门市思明区莲前西路736号1701室
1145,福建省厦门市思明区前埔六里5号1902室
1146,福建省厦门市思明区洪莲中路615号254室
1147,福建省厦门市思明区金尚路46-1号420室
1148,福建省厦门市思明区洪文石村社北片区490-1号355室
1149,福建省厦门市思明区洪莲路64号801室
1150,福建省厦门市思明区洪莲路24号619室
1151,福建省厦门市思明区西林东里41号C509室
1152,福建省厦门市思明区西林东里22号C408室
1153,福建省厦门市思明区西林西里82号C602室
1154,福建省厦门市思明区西林西里12号C508室
1155,福建省厦门市思明区西林西里15号C703室
1156,福建省厦门市思明区洪文泥窟社东片区9-1号
1157,福建省厦门市思明区莲前东路808号C102室
1158,福建省厦门市思明区莲前东路812号C108室
1159,福建省厦门市思明区莲前西路222号C101室
1160,福建省厦门市思明区前埔五里147号201室
1161,福建省厦门市思明区洪文三里5号C111室
1162,福建省厦门市思明区西林东里8号502室
1163,福建省厦门市思明区洪莲里71号504室
1164,福建省厦门市思明区洪文一里36号502室
1165,福建省厦门市思明区文兴东一里2号603室
1166,福建省厦门市思明区侨文里29号702室
1167,福建省厦门市思明区西林东路405号202室
1168,福建省厦门市思明区店上东里50-3号601室
1169,福建省厦门市思明区店上东里70号502室
1170,福建省厦门市思明区前埔一里177号104室
1171,福建省厦门市思明区店上东里13号103室
1172,福建省厦门市思明区古楼北里48号603室
1173,福建省厦门市思明区前埔五里164号402室
1174,福建省厦门市思明区前埔五里164号402室
1175,福建省厦门市思明区侨兴里8号402室
1176,福建省厦门市思明区洪莲路30号601室
1177,福建省厦门市思明区前埔二里58号1807室
1178,福建省厦门市思明区店上东里42号1501室
1179,福建省厦门市思明区洪莲里97号703室
1180,福建省厦门市思明区前埔东一里23号704室
1181,福建省厦门市思明区莲前东路916号404室
1182,福建省厦门市思明区侨福里17号401室
1183,福建省厦门市思明区洪莲里112号301室
1184,福建省厦门市思明区洪文六里59号802室
1185,福建省厦门市思明区莲前东路756号305室
1186,福建省厦门市思明区文兴东二里23号304室
1187,福建省厦门市思明区文兴东二里12号303室
1188,福建省厦门市思明区西林东里57号105室
1189,福建省厦门市思明区文兴东二里33号705室
1190,福建省厦门市思明区西林东里157号203室
1191,福建省厦门市思明区西林西里66号407室
1192,福建省厦门市思明区店上东里99号104室
1193,福建省厦门市思明区前埔一里218号605室
1194,福建省厦门市思明区洪文一里136号702室
1195,福建省厦门市思明区洪莲西里56号1401室
1196,福建省厦门市思明区金尚路34号402室
1197,福建省厦门市思明区西林西里26号306室
1198,福建省厦门市思明区洪文一里133号404室
1199,福建省厦门市思明区洪文七里6号601室
1200,福建省厦门市思明区前埔二里178号514室
1201,福建省厦门市思明区店上东里55号602室
1202,福建省厦门市思明区洪莲里106号1102室
1203,福建省厦门市思明区前埔东一里17号202室
1204,福建省厦门市思明区莲前东路409号1305室
1205,福建省厦门市思明区洪文七里37号1002室
1206,福建省厦门市思明区洪莲西里43号1101室
1207,福建省厦门市思明区洪莲东二里53号501室
1208,福建省厦门市思明区洪莲西里36号102室
1209,福建省厦门市思明区莲前西路290号803室
1210,福建省厦门市思明区洪文四里1号2501室
1211,福建省厦门市思明区洪文七里28号2002室
1212,福建省厦门市思明区文兴东二里8号203室
1213,福建省厦门市思明区莲前西路685-10号108室
1214,福建省厦门市思明区洪文四里3号1502室
1215,福建省厦门市思明区前埔一里153号202室
1216,福建省厦门市思明区侨洪里4号1304室
1217,福建省厦门市思明区莲前西路272号702室
1218,福建省厦门市思明区侨洪里2号1003室
1219,福建省厦门市思明区洪莲西里35号1203室
1220,福建省厦门市思明区西林西二里35号302室
1221,福建省厦门市思明区洪文七里10号1801室
1222,福建省厦门市思明区前埔二里53号203室
1223,福建省厦门市思明区前埔五里206号705室
1224,福建省厦门市思明区西林东里53号104室
1225,福建省厦门市思明区洪文一里134号1004室
1226,福建省厦门市思明区西林西二里32号703室
1227,福建省厦门市思明区洪文一里72号501室
1228,福建省厦门市思明区侨文里19号401室
1229,福建省厦门市思明区东浦路258号102室
1230,福建省厦门市思明区洪文三里23号402室
1231,福建省厦门市思明区西林西里115号402室
1232,福建省厦门市思明区店上西里17号609室
1233,福建省厦门市思明区洪文六里35号702室
1234,福建省厦门市思明区莲前西路164号102室
1235,福建省厦门市思明区洪莲东二里159号901室
1236,福建省厦门市思明区洪文六里32号602室
1237,福建省厦门市思明区前埔二里166号403室
1238,福建省厦门市思明区洪文六里199号902室
1239,福建省厦门市思明区洪莲中路611号3103室
1240,福建省厦门市思明区洪文五里93号903室
1241,福建省厦门市思明区洪文五里94号1803室
1242,福建省厦门市思明区前埔二里168-12号
1243,福建省厦门市思明区前埔六里10号1502室
1244,福建省厦门市思明区前埔六里7号1001室
1245,福建省厦门市思明区前埔六里11号1701室
1246,福建省厦门市思明区前埔六里14号1001室
1247,福建省厦门市思明区东浦三里23号704室
1248,福建省厦门市思明区洪文七里88号602室
1249,福建省厦门市思明区西林社129号129$105室
1250,福建省厦门市思明区西林社117号304室
1251,福建省厦门市思明区莲前西路851号C102室
1252,福建省厦门市思明区西林东里25号C301室
1253,福建省厦门市思明区西林西里23号C204室
1254,福建省厦门市思明区西林西里63号C405室
1255,福建省厦门市思明区莲前西路144号C102室
1256,福建省厦门市思明区东浦路256号145室
1257,福建省厦门市思明区东浦三里9号C119室
1258,福建省厦门市思明区云顶中路703号201室
1259,福建省厦门市思明区西林东里194号201室
1260,福建省厦门市思明区西林社99号99$106室
1261,福建省厦门市思明区西林东里8号501室
1262,福建省厦门市思明区前埔一里193号105室
1263,福建省厦门市思明区洪文一里30号601室
1264,福建省厦门市思明区侨文里21号302室
1265,福建省厦门市思明区古楼南里62号405室
1266,福建省厦门市思明区莲前东路898号501室
1267,福建省厦门市思明区店上西里35号404室
1268,福建省厦门市思明区古楼南里10号501室
1269,福建省厦门市思明区莲前东路842号304室
1270,福建省厦门市思明区东浦路152号803室
1271,福建省厦门市思明区前埔五里158号103室
1272,福建省厦门市思明区店上西里15号602室
1273,福建省厦门市思明区前埔东一里10号702室
1274,福建省厦门市思明区洪文五里8号402室
1275,福建省厦门市思明区前埔二里168号515室
1276,福建省厦门市思明区洪文一里11号202室
1277,福建省厦门市思明区洪莲西二里180号201室
1278,福建省厦门市思明区西林西里73号407室
1279,福建省厦门市思明区洪莲西里13号1003室
1280,福建省厦门市思明区洪文一里67号301室
1281,福建省厦门市思明区前埔一里54号402室
1282,福建省厦门市思明区店上东里22号303室
1283,福建省厦门市思明区西林西里66号308室
1284,福建省厦门市思明区西林路40号504室
1285,福建省厦门市思明区莲前西路334号301室
1286,福建省厦门市思明区前埔二里45号305室
1287,福建省厦门市思明区文兴东三里12号606室
1288,福建省厦门市思明区店上东里10号401室
1289,福建省厦门市思明区前埔二里133号205室
1290,福建省厦门市思明区古楼南里2号101室
1291,福建省厦门市思明区洪文六里62号601室
1292,福建省厦门市思明区前埔一里206号312室
1293,福建省厦门市思明区店上东里103号101室
1294,福建省厦门市思明区店上东里103号101室
1295,福建省厦门市思明区店上西里48号503室
1296,福建省厦门市思明区莲前西路713号501室
1297,福建省厦门市思明区前埔一里75号605室
1298,福建省厦门市思明区莲前西路228号503室
1299,福建省厦门市思明区西林西里120号1001室
1300,福建省厦门市思明区洪文七里30号702室
1301,福建省厦门市思明区文兴东二里16号203室
1302,福建省厦门市思明区西林东路411号307室
1303,福建省厦门市思明区店上东里49号505室
1304,福建省厦门市思明区洪文一里85号402室
1305,福建省厦门市思明区洪莲西里22号1103室
1306,福建省厦门市思明区莲前西路256号
1307,福建省厦门市思明区前埔西路198号601室
1308,福建省厦门市思明区洪莲东二里31号1201室
1309,福建省厦门市思明区洪文六里197号102室
1310,福建省厦门市思明区莲前西路230号1102室
1311,福建省厦门市思明区莲前东路776号303室
1312,福建省厦门市思明区洪文七里92号1201室
1313,福建省厦门市思明区前埔二里205号208室
1314,福建省厦门市思明区洪文五里86号501室
1315,福建省厦门市思明区莲前东路381号506室
1316,福建省厦门市思明区洪文一里137号201室
1317,福建省厦门市思明区莲前东路814号301室
1318,福建省厦门市思明区洪莲里68号101室
1319,福建省厦门市思明区西林东里164号307室
1320,福建省厦门市思明区洪文五里81号202室
1321,福建省厦门市思明区洪文五里62号205室
1322,福建省厦门市思明区洪莲西里137号501室
1323,福建省厦门市思明区东浦路164号301室
1324,福建省厦门市思明区洪莲东二里53号504室
1325,福建省厦门市思明区东浦三里4号501室
1326,福建省厦门市思明区洪莲西里5号902室
1327,福建省厦门市思明区古楼南里64号501室
1328,福建省厦门市思明区洪文六里152号502室
1329,福建省厦门市思明区西林西二里35号1102室
1330,福建省厦门市思明区西林西二里35号1102室
1331,福建省厦门市思明区洪莲里115号904室
1332,福建省厦门市思明区洪莲西里30号301室
1333,福建省厦门市思明区莲前西路142号172室
1334,福建省厦门市思明区店上东里93号606室
1335,福建省厦门市思明区店上东里57号104室
1336,福建省厦门市思明区洪莲西里4号203室
1337,福建省厦门市思明区古楼南里33号106室
1338,福建省厦门市思明区洪莲东二里26号502室
1339,福建省厦门市思明区西林西二里27号802室
1340,福建省厦门市思明区洪文六里58号801室
1341,福建省厦门市思明区洪文五里98号1001室
1342,福建省厦门市思明区洪文五里93号904室
1343,福建省厦门市思明区洪文五里95号201室
1344,福建省厦门市思明区莲前西路611号102-3室
1345,福建省厦门市思明区西林社25-111号
1346,福建省厦门市思明区云顶岩路30号C115室
1347,福建省厦门市思明区洪文八里114号202室
1348,福建省厦门市思明区前埔一里76号503室
1349,福建省厦门市思明区莲前西路276号602室
1350,福建省厦门市思明区莲前西路138号702室
1351,福建省厦门市思明区前埔二里133号406室
1352,福建省厦门市思明区前埔五里174号602室
1353,福建省厦门市思明区莲前西路256号701室
1354,福建省厦门市思明区洪文四里2号2102室
1355,福建省厦门市思明区洪文七里9号2001室
1356,福建省厦门市思明区云顶中路532号
1357,福建省厦门市思明区洪文六里136号502室
1358,福建省厦门市思明区洪莲西里46号303室
1359,福建省厦门市思明区洪文五里50号304室
1360,福建省厦门市思明区洪莲西里148号302室
1361,福建省厦门市思明区西林东路145号503室
1362,福建省厦门市思明区洪莲西里77号301室
1363,福建省厦门市思明区云顶中路729号1504室
1364,福建省厦门市思明区店上西里18号108室
1365,福建省厦门市思明区洪莲中路1号802室
1366,福建省厦门市思明区前埔六里1号2302室
1367,福建省厦门市思明区前埔六里15号1301室
1368,福建省厦门市思明区东浦三里25号205室
1369,福建省厦门市思明区西林西里145号1005室
1370,福建省厦门市思明区莲前西路346号201室
1371,福建省厦门市思明区西林东里142号C110室
1372,福建省厦门市思明区洪莲路74号801室
1373,福建省厦门市思明区西林西里67号C806室
1374,福建省厦门市思明区西林西里11号C304室
1375,福建省厦门市思明区西林西里74号C605室
1376,福建省厦门市思明区东浦路198号C102室
1377,福建省厦门市思明区东浦路188号C108室
1378,福建省厦门市思明区前埔五里198号C106室
1379,福建省厦门市思明区莲前东路840号C104室
1380,福建省厦门市思明区莲前西路288号C106室
1381,福建省厦门市思明区莲前西路272号C127室
1382,福建省厦门市思明区田厝路17号201室
1383,福建省厦门市思明区洪文四里17号401室
1384,福建省厦门市思明区东浦三里21号901室
1385,福建省厦门市思明区东浦路144号C148室
1386,福建省厦门市思明区莲前西路174号306室
1387,福建省厦门市思明区洪文三里3号206室
1388,福建省厦门市思明区古楼南里39号703室
1389,福建省厦门市思明区西林东里169号212室
1390,福建省厦门市思明区文兴东一里19号708室
1391,福建省厦门市思明区洪文六里27号702室
1392,福建省厦门市思明区文兴东二里4号703室
1393,福建省厦门市思明区店上东里62号1001室
1394,福建省厦门市思明区前埔二里216号705室
1395,福建省厦门市思明区文兴东三里24号204室
1396,福建省厦门市思明区洪莲西里153号1103室
1397,福建省厦门市思明区洪莲里70号706室
1398,福建省厦门市思明区洪文一里135号1204室
1399,福建省厦门市思明区前埔一里172号204室
1400,福建省厦门市思明区西林路32号204室
1401,福建省厦门市思明区前埔东一里24号1103室
1402,福建省厦门市思明区前埔五里201号202室
1403,福建省厦门市思明区云顶中路741号102室
1404,福建省厦门市思明区洪文一里54号501室
1405,福建省厦门市思明区文兴东一里10号206室
1406,福建省厦门市思明区前埔二里158号602室
1407,福建省厦门市思明区古楼南里21号603室
1408,福建省厦门市思明区店上西里33号102室
1409,福建省厦门市思明区东浦路172号604室
1410,福建省厦门市思明区店上东里2号305室
1411,福建省厦门市思明区店上东里2号305室
1412,福建省厦门市思明区前埔二里119号403室
1413,福建省厦门市思明区店上东里42号303室
1414,福建省厦门市思明区店上东里4号407室
1415,福建省厦门市思明区洪莲西里57号602室
1416,福建省厦门市思明区洪莲西里156号902室
1417,福建省厦门市思明区西林路50号602室
1418,福建省厦门市思明区前埔二里207号603室
1419,福建省厦门市思明区田厝路5号306室
1420,福建省厦门市思明区洪文四里2号1401室
1421,福建省厦门市思明区莲前东路798号101室
1422,福建省厦门市思明区古楼南里4号402室
1423,福建省厦门市思明区东浦三里12号602室
1424,福建省厦门市思明区莲前西路709号204室
1425,福建省厦门市思明区西林西里6号207室
1426,福建省厦门市思明区店上东里47号604室
1427,福建省厦门市思明区文兴东三里14号702室
1428,福建省厦门市思明区莲前西路210号102室
1429,福建省厦门市思明区金尚路10号702室
1430,福建省厦门市思明区西林西二里15号202室
1431,福建省厦门市思明区前埔二里195号305室
1432,福建省厦门市思明区田厝路23号306室
1433,福建省厦门市思明区文兴东二里14号201室
1434,福建省厦门市思明区古楼南里54号201室
1435,福建省厦门市思明区店上西里51号406室
1436,福建省厦门市思明区店上西里51号406室
1437,福建省厦门市思明区店上西里51号406室
1438,福建省厦门市思明区东芳山庄19号501室
1439,福建省厦门市思明区云顶中路745号402室
1440,福建省厦门市思明区莲前西路218号201室
1441,福建省厦门市思明区西林西里53号106室
1442,福建省厦门市思明区洪莲西里152号102室
1443,福建省厦门市思明区前埔东一里5号1001室
1444,福建省厦门市思明区西林东里141号402室
1445,福建省厦门市思明区洪文五里15号201室
1446,福建省厦门市思明区洪莲西里73号401室
1447,福建省厦门市思明区东浦三里22号602室
1448,福建省厦门市思明区莲前西路294号701室
1449,福建省厦门市思明区洪莲西里157号603室
1450,福建省厦门市思明区洪莲里119号304室
1451,福建省厦门市思明区洪莲西里35号1201室
1452,福建省厦门市思明区洪莲东二里30号2202室
1453,福建省厦门市思明区洪文五里97号901室
1454,福建省厦门市思明区莲前东路709号802-4室
1455,福建省厦门市思明区东浦三里24号306室
1456,福建省厦门市思明区莲前西路731号107室
1457,福建省厦门市思明区吕岭路490号149室
1458,福建省厦门市思明区洪莲西里41号1901室
1459,福建省厦门市思明区西林西里77号C515室
1460,福建省厦门市思明区西林西里22号C706室
1461,福建省厦门市思明区洪文三里16号C102室
1462,福建省厦门市思明区洪文三里22号C105室
1463,福建省厦门市思明区东浦三里27号J101室
1464,福建省厦门市思明区西林西里24号C207室
1465,福建省厦门市思明区洪文七里25号105室
1466,福建省厦门市思明区东浦路172号C110室
1467,福建省厦门市思明区东浦路170-1号C103室
1468,福建省厦门市思明区东浦路30号402室
1469,福建省厦门市思明区前埔一里94号201室
1470,福建省厦门市思明区洪文四里12号401室
1471,福建省厦门市思明区洪文四里13号502室
1472,福建省厦门市思明区西林社135号206室
1473,福建省厦门市思明区云顶岩路35号105室
1474,福建省厦门市思明区东浦路162号303室
1475,福建省厦门市思明区莲前西路162号303室
1476,福建省厦门市思明区西林西里38号204室
1477,福建省厦门市思明区洪文一里76号101室
1478,福建省厦门市思明区西林西里81号607室
1479,福建省厦门市思明区洪文一里40号502室
1480,福建省厦门市思明区西林西里67号705室
1481,福建省厦门市思明区古楼北里55号201室
1482,福建省厦门市思明区洪文六里29号302室
1483,福建省厦门市思明区洪文六里29号302室
1484,福建省厦门市思明区文兴东一里18号703室
1485,福建省厦门市思明区店上东里46号706室
1486,福建省厦门市思明区前埔二里40号202室
1487,福建省厦门市思明区洪莲路36号201室
1488,福建省厦门市思明区洪文六里5号602室
1489,福建省厦门市思明区莲前东路896号810室
1490,福建省厦门市思明区洪文二里114号301室
1491,福建省厦门市思明区西林东里51号202室
1492,福建省厦门市思明区莲前东路892号806室
1493,福建省厦门市思明区前埔五里211号902室
1494,福建省厦门市思明区文兴东二里7号303室
1495,福建省厦门市思明区店上东里43号602室
1496,福建省厦门市思明区西林路34号502室
1497,福建省厦门市思明区西林西里49号201室
1498,福建省厦门市思明区洪莲里114号103室
1499,福建省厦门市思明区西林东里1号208室
1500,福建省厦门市思明区莲前东路920号209室
1501,福建省厦门市思明区东浦路236号101室
1502,福建省厦门市思明区店上东里95号405室
1503,福建省厦门市思明区莲前西路348-4号102室
1504,福建省厦门市思明区西林东里119号206室
1505,福建省厦门市思明区洪莲路13号902室
1506,福建省厦门市思明区洪文六里30号601室
1507,福建省厦门市思明区文兴东二里13号704室
1508,福建省厦门市思明区文兴东三里15号305室
1509,福建省厦门市思明区文兴东一里19号202室
1510,福建省厦门市思明区东浦路238号202室
1511,福建省厦门市思明区洪文一里15号702室
1512,福建省厦门市思明区莲前东路87号
1513,福建省厦门市思明区洪莲里104号602室
1514,福建省厦门市思明区文兴东三里29号303室
1515,福建省厦门市思明区莲前西路799号1001室
1516,福建省厦门市思明区洪莲东二里48号703室
1517,福建省厦门市思明区前埔二里213号1104室
1518,福建省厦门市思明区洪莲里71号404室
1519,福建省厦门市思明区莲前西路258号103室
1520,福建省厦门市思明区洪莲里64号402室
1521,福建省厦门市思明区店上东里35号202室
1522,福建省厦门市思明区东浦三里14号702室
1523,福建省厦门市思明区洪莲东二里3号1801室
1524,福建省厦门市思明区洪莲路94号201室
1525,福建省厦门市思明区莲前东路409号1904室
1526,福建省厦门市思明区侨兴里7号202室
1527,福建省厦门市思明区洪文六里42号701室
1528,福建省厦门市思明区东浦三里26号3201室
1529,福建省厦门市思明区东芳山庄16号202室
1530,福建省厦门市思明区洪文五里85号107室
1531,福建省厦门市思明区西林东路143号C118室
1532,福建省厦门市思明区西林东里24号C407室
1533,福建省厦门市思明区西林西里45号C201室
1534,福建省厦门市思明区西林西里17号C605室
1535,福建省厦门市思明区西林西里65号C402室
1536,福建省厦门市思明区西林西里72号C304室
1537,福建省厦门市思明区东浦路244号C143室
1538,福建省厦门市思明区西林社28-102号
1539,福建省厦门市思明区东浦三里17-2号104室
1540,福建省厦门市思明区文兴东二里16号101室
1541,福建省厦门市思明区前埔一里203-2号201室
1542,福建省厦门市思明区洪文二里101号602室
1543,福建省厦门市思明区前埔一里114号306室
1544,福建省厦门市思明区店上东里21号205室
1545,福建省厦门市思明区前埔二里150号602室
1546,福建省厦门市思明区前埔一里58号401室
1547,福建省厦门市思明区洪文五里50号702室
1548,福建省厦门市思明区洪文二里104号202室
1549,福建省厦门市思明区前埔一里234号303室
1550,福建省厦门市思明区店上东里61号702室
1551,福建省厦门市集美区九天湖五里16号701室
1552,福建省厦门市思明区洪莲里66号204室
1553,福建省厦门市思明区莲前西路739号302室
1554,福建省厦门市思明区古楼北里29号402室
1555,福建省厦门市思明区前埔五里212号1001室
1556,福建省厦门市思明区西林西里31号503室
1557,福建省厦门市思明区西林西里111号802室
1558,福建省厦门市思明区前埔一里47号902室
1559,福建省厦门市思明区前埔一里47号902室
1560,福建省厦门市思明区前埔一里51号207室
1561,福建省厦门市思明区店上东里75号504室
1562,福建省厦门市思明区西林东里13号201室
1563,福建省厦门市思明区文兴东二里29号401室
1564,福建省厦门市思明区店上东里3号303室
1565,福建省厦门市思明区文兴东二里36号205室
1566,福建省厦门市思明区店上东里58号508室
1567,福建省厦门市思明区店上东里58号508室
1568,福建省厦门市思明区文兴东一里20号203室
1569,福建省厦门市思明区西林西二里34号201室
1570,福建省厦门市思明区洪莲东二里25号403室
1571,福建省厦门市思明区洪莲东二里49号502室
1572,福建省厦门市思明区洪文五里77号501室
1573,福建省厦门市思明区洪莲东二里35号801室
1574,福建省厦门市思明区洪莲西里139号505室
1575,福建省厦门市思明区洪莲路1号1403室
1576,福建省厦门市思明区洪莲西里158号301室
1577,福建省厦门市思明区前埔一里108号607室
1578,福建省厦门市思明区洪文七里25号501室
1579,福建省厦门市思明区洪莲里92号902室
1580,福建省厦门市思明区洪莲中路198号
1581,福建省厦门市思明区西林西里73号208室
1582,福建省厦门市思明区洪莲西里37号301室
1583,福建省厦门市思明区洪莲里115号1702室
1584,福建省厦门市思明区莲前西路200号101室
1585,福建省厦门市思明区洪文八里121号301室
1586,福建省厦门市思明区西林东里199号704室
1587,福建省厦门市思明区洪莲西里70号302室
1588,福建省厦门市思明区洪莲西里77号201室
1589,福建省厦门市思明区洪莲西里57号203室
1590,福建省厦门市思明区洪莲里16号704室
1591,福建省厦门市思明区洪莲东二里36号703室
1592,福建省厦门市思明区东芳山庄102号201室
1593,福建省厦门市思明区前埔一里53号204室
1594,福建省厦门市思明区云顶中路729号304室
1595,福建省厦门市思明区洪莲西里45号101室
1596,福建省厦门市思明区古楼南里71号701室
1597,福建省厦门市思明区洪莲西里82号303室
1598,福建省厦门市思明区西林东路1号2504室
1599,福建省厦门市思明区西林东路3号1601室
1600,福建省厦门市思明区洪文五里90号1101室
1601,福建省厦门市思明区洪莲里93号1201-2室
1602,福建省厦门市思明区洪莲西里155号1201-3室
1603,福建省厦门市思明区洪文六里3号714室
1604,福建省厦门市思明区前埔五里199-2号906室
1605,福建省厦门市思明区西林社57号310室
1606,福建省厦门市思明区西林社115号104室
1607,福建省厦门市思明区洪莲东二里1号2407室
1608,福建省厦门市思明区洪莲西里28号1201室
1609,福建省厦门市思明区西林西里78号C408室
1610,福建省厦门市思明区西林东里27号C301室
1611,福建省厦门市思明区云顶中路458-5号201室
1612,福建省厦门市思明区莲前东路790号304-2室
1613,福建省厦门市思明区吕岭路992-2号B208室
1614,福建省厦门市思明区洪莲西里21号1201室
1615,福建省厦门市思明区西林东里11号602室
1616,福建省厦门市思明区莲前西路284号501室
1617,福建省厦门市思明区侨文里12号402室
1618,福建省厦门市思明区文兴东二里26号405室
1619,福建省厦门市思明区古楼北里18号803室
1620,福建省厦门市思明区店上西里53号301室
1621,福建省厦门市思明区前埔一里155号606室
1622,福建省厦门市思明区文兴东一里18号604室
1623,福建省厦门市思明区前埔二里177号415室
1624,福建省厦门市思明区店上东里84号401室
1625,福建省厦门市思明区前埔五里159号402室
1626,福建省厦门市思明区西林西里20号205室
1627,福建省厦门市思明区店上东里59号506室
1628,福建省厦门市思明区莲前西路328号703室
1629,福建省厦门市思明区前埔五里207号303室
1630,福建省厦门市思明区洪文一里112号602室
1631,福建省厦门市思明区洪莲西里135号502室
1632,福建省厦门市思明区前埔一里71号607室
1633,福建省厦门市思明区东浦路116号504室
1634,福建省厦门市思明区前埔二里203号203室
1635,福建省厦门市思明区前埔一里164号202室
1636,福建省厦门市思明区文兴东三里12-1号508室
1637,福建省厦门市思明区前埔二里210号310室
1638,福建省厦门市思明区莲前西路156号502室
1639,福建省厦门市思明区洪莲西里53号402室
1640,福建省厦门市思明区前埔二里3号601室
1641,福建省厦门市思明区洪莲路3号803室
1642,福建省厦门市思明区洪莲路9号1202室
1643,福建省厦门市思明区莲前西路256号702室
1644,福建省厦门市思明区文兴东二里15号107室
1645,福建省厦门市思明区洪莲东二里27号2101室
1646,福建省厦门市思明区洪莲西里55号1121室
1647,福建省厦门市思明区店上东里50-3号301室
1648,福建省厦门市思明区店上西里10号405室
1649,福建省厦门市思明区前埔二里217号204室
1650,福建省厦门市思明区洪文七里92-1号1802室
1651,福建省厦门市思明区前埔二里49号203室
1652,福建省厦门市思明区田厝路7号404室
1653,福建省厦门市思明区洪文五里86号701室
1654,福建省厦门市思明区洪文七里91-1号901室
1655,福建省厦门市思明区洪文六里187号401室
1656,福建省厦门市思明区洪文石村社南片区57号
1657,福建省厦门市思明区东浦路238号501室
1658,福建省厦门市思明区金尚路6号301室
1659,福建省厦门市思明区洪文一里62号401室
1660,福建省厦门市思明区洪莲中路613号2802室
1661,福建省厦门市思明区店上东里89-1号702-1室
1662,福建省厦门市思明区东浦路134号107-4室
1663,福建省厦门市思明区莲前东路1206号1103室
1664,福建省厦门市思明区前埔六里1号1801室
1665,福建省厦门市思明区西林西二里3号112室
1666,福建省厦门市思明区西林东路9号111室
1667,福建省厦门市思明区云顶岩路65号103室
1668,福建省厦门市思明区云顶中路458号206室
1669,福建省厦门市思明区西林西里82号C805室
1670,福建省厦门市思明区莲前西路158号C120室
1671,福建省厦门市思明区洪文六里66号B103室
1672,福建省厦门市思明区洪文四里16号1601室
1673,福建省厦门市思明区侨洪里22-2号
1674,福建省厦门市思明区洪文四里7号202室
1675,福建省厦门市思明区洪文一里104号403室
1676,福建省厦门市思明区洪文二里100号302室
1677,福建省厦门市思明区侨文里29号701室
1678,福建省厦门市思明区洪莲路48号101室
1679,福建省厦门市思明区侨文里31号604室
1680,福建省厦门市思明区店上东里94号403室
1681,福建省厦门市思明区西林西二里16号301室
1682,福建省厦门市思明区前埔一里182号401室
1683,福建省厦门市思明区店上西里53号601室
1684,福建省厦门市思明区店上西里53号601室
1685,福建省厦门市思明区前埔五里205号302室
1686,福建省厦门市思明区侨文里24号201室
1687,福建省厦门市思明区前埔二里184号302室
1688,福建省厦门市思明区前埔一里235号601室
1689,福建省厦门市思明区洪莲西里112号201室
1690,福建省厦门市思明区店上东里46号505室
1691,福建省厦门市思明区店上东里46号505室
1692,福建省厦门市思明区洪莲里90号401室
1693,福建省厦门市思明区前埔一里233号201室
1694,福建省厦门市思明区西林西里98号602室
1695,福建省厦门市思明区洪文八里101号602室
1696,福建省厦门市思明区前埔东一里4号1201室
1697,福建省厦门市思明区洪莲西里158号1502室
1698,福建省厦门市思明区洪文七里11号1702室
1699,福建省厦门市思明区东浦三里2号201室
1700,福建省厦门市思明区洪文六里32号202室
1701,福建省厦门市思明区洪莲西里31号
1702,福建省厦门市思明区莲前西路352号201室
1703,福建省厦门市思明区洪文一里50号501室
1704,福建省厦门市思明区前埔二里220号301室
1705,福建省厦门市思明区东芳山庄18号603室
1706,福建省厦门市思明区前埔西路184号
1707,福建省厦门市思明区前埔二里157号204室
1708,福建省厦门市思明区莲前西路202号501室
1709,福建省厦门市思明区前埔一里191号409室
1710,福建省厦门市思明区前埔一里154号107室
1711,福建省厦门市思明区莲前西路701号502室
1712,福建省厦门市思明区东浦路180号506室
1713,福建省厦门市思明区洪文七里2号1302室
1714,福建省厦门市思明区金尚路8号505室
1715,福建省厦门市思明区洪莲路42号601室
1716,福建省厦门市思明区云顶岩路37号302室
1717,福建省厦门市思明区洪文二里113号402室
1718,福建省厦门市思明区莲前西路94号506室
1719,福建省厦门市思明区前埔二里181号508室
1720,福建省厦门市思明区莲前东路788号106室
1721,福建省厦门市思明区洪文六里136号302室
1722,福建省厦门市思明区前埔东一里24号1101室
1723,福建省厦门市思明区西林西二里29号201室
1724,福建省厦门市思明区洪莲西里38号101室
1725,福建省厦门市思明区文兴东一里27号506室
1726,福建省厦门市思明区前埔二里175号501室
1727,福建省厦门市思明区前埔东一里16号603室
1728,福建省厦门市思明区莲前东路1208号1302室
1729,福建省厦门市思明区莲前西路732号1904室
1730,福建省厦门市思明区洪莲中路292号506室
1731,福建省厦门市思明区西林西里145号801室
1732,福建省厦门市思明区西林社97-1号202室
1733,福建省厦门市思明区东山社1-2号201室
1734,福建省厦门市思明区洪文石村社北片区490-2号240室
1735,福建省厦门市思明区西林西里46号C406室
1736,福建省厦门市思明区西林东里29号C704室
1737,福建省厦门市思明区西林西里22-1号C204室
1738,福建省厦门市思明区莲前东路922号C101室
1739,福建省厦门市思明区洪文六里181号101室
1740,福建省厦门市思明区洪莲里62号C115室
1741,福建省厦门市思明区东浦路142号305室
1742,福建省厦门市思明区西林西二里13号102室
1743,福建省厦门市思明区侨兴里11号402室
1744,福建省厦门市思明区古楼南里28号101室
1745,福建省厦门市思明区莲前东路838号402室
1746,福建省厦门市思明区莲前东路836号703室
1747,福建省厦门市思明区店上东里50-2号203室
1748,福建省厦门市思明区侨文里15号702室
1749,福建省厦门市思明区莲前东路796号403室
1750,福建省厦门市思明区侨龙里16号703室
1751,福建省厦门市思明区洪莲西里55号1403室
1752,福建省厦门市思明区洪莲里19号602室
1753,福建省厦门市思明区洪文一里105号602室
1754,福建省厦门市思明区洪莲西二里168号303室
1755,福建省厦门市思明区洪文七里3号1301室
1756,福建省厦门市思明区洪文七里10号602室
1757,福建省厦门市思明区莲前西路352-1号501室
1758,福建省厦门市思明区店上东里96号605室
1759,福建省厦门市思明区西林西二里2号404室
1760,福建省厦门市思明区洪莲西里45号403室
1761,福建省厦门市思明区文兴东一里17号604室
1762,福建省厦门市思明区洪莲东二里31号2803室
1763,福建省厦门市思明区前埔一里46号1005室
1764,福建省厦门市思明区洪莲里116号802室
1765,福建省厦门市思明区东浦路140号507室
1766,福建省厦门市思明区洪文六里186号602室
1767,福建省厦门市思明区文兴东二里9号608室
1768,福建省厦门市思明区东浦路152号403室
1769,福建省厦门市思明区云顶岩路35号603室
1770,福建省厦门市思明区东芳山庄102号301室
1771,福建省厦门市思明区莲前西路102号501室
1772,福建省厦门市思明区店上东里48号104室
1773,福建省厦门市思明区洪莲东二里33号1001室
1774,福建省厦门市思明区店上东里32号301室
1775,福建省厦门市思明区西林东路1号2604室
1776,福建省厦门市思明区文兴东三里1号A187室
1777,福建省厦门市思明区洪莲东二里160号401-1室
1778,福建省厦门市思明区前埔六里5号2002室
1779,福建省厦门市思明区洪莲西二路1462号
1780,福建省厦门市思明区洪莲西二路1462号01室
1781,福建省厦门市思明区西林社117号405室
1782,福建省厦门市思明区西林西里68号C304室
1783,福建省厦门市思明区吕岭路1581号1505室
1784,福建省厦门市思明区前埔东一里7号501室
1785,福建省厦门市思明区前埔一里45号903室
1786,福建省厦门市思明区西林西二里25号202室
1787,福建省厦门市思明区洪文三里21号402室
1788,福建省厦门市思明区莲前东路119号
1789,福建省厦门市思明区西林东里199号605室
1790,福建省厦门市思明区前埔二里182号505室
1791,福建省厦门市思明区洪文一里96号601室
1792,福建省厦门市思明区洪文一里96号601室
1793,福建省厦门市思明区文兴东二里37号204室
1794,福建省厦门市思明区洪文五里16号102室
1795,福建省厦门市思明区洪文七里3号1603室
1796,福建省厦门市思明区洪莲路72号401室
1797,福建省厦门市思明区侨龙里18号102室
1798,福建省厦门市思明区前埔六里9号402室
1799,福建省厦门市思明区洪莲西里49号504室
1800,福建省厦门市思明区洪莲中路296号204室
1801,福建省厦门市思明区西林东路171号C127室
1802,福建省厦门市思明区西林东里37号C716室
1803,福建省厦门市思明区西林西里63号C605室
1804,福建省厦门市思明区前埔一里464号101-2室
1805,福建省厦门市思明区东浦三里30号402室
1806,福建省厦门市思明区莲前东路884号201室
1807,福建省厦门市思明区洪文四里14号902室
1808,福建省厦门市思明区东浦路144号C142室
1809,福建省厦门市思明区侨文里12号701室
1810,福建省厦门市思明区店上东里11号701室
1811,福建省厦门市思明区前埔二里169号314室
1812,福建省厦门市思明区店上西里21号602室
1813,福建省厦门市思明区店上西里21号602室
1814,福建省厦门市思明区西林东里206号302室
1815,福建省厦门市思明区西林西里23号402室
1816,福建省厦门市思明区前埔二里211号508室
1817,福建省厦门市思明区侨福里10号303室
1818,福建省厦门市思明区洪文六里137号201室
1819,福建省厦门市思明区洪文一里119号402室
1820,福建省厦门市思明区洪莲中二路8号
1821,福建省厦门市思明区店上东里90号205室
1822,福建省厦门市思明区西林西二里36号503室
1823,福建省厦门市思明区西林西里51号107室
1824,福建省厦门市思明区西林西里26号305室
1825,福建省厦门市思明区莲前东路826号103室
1826,福建省厦门市思明区前埔二里143号405室
1827,福建省厦门市思明区洪莲西里19号601室
1828,福建省厦门市思明区前埔一里144号314室
1829,福建省厦门市思明区西林西里83号914室
1830,福建省厦门市思明区洪文七里38号301室
1831,福建省厦门市思明区文兴东二里4号304室
1832,福建省厦门市思明区莲前西路340-1号103室
1833,福建省厦门市思明区洪文四里5号2201室
1834,福建省厦门市思明区洪文八里136号129室
1835,福建省厦门市思明区侨洪里9号1204室
1836,福建省厦门市思明区前埔五里178号201室
1837,福建省厦门市思明区洪文五里61号217室
1838,福建省厦门市思明区前埔二里29号505室
1839,福建省厦门市思明区洪莲西里70号602室
1840,福建省厦门市思明区洪文六里118号
1841,福建省厦门市思明区东浦三里17号202室
1842,福建省厦门市思明区前埔二里164号407室
1843,福建省厦门市思明区前埔一里217号508室
1844,福建省厦门市思明区店上东里92号402室
1845,福建省厦门市思明区古楼北里35号602室
1846,福建省厦门市思明区洪莲西里19号402室
1847,福建省厦门市思明区古楼北里9号302室
1848,福建省厦门市思明区西林东里61号103室
1849,福建省厦门市思明区洪莲中路611号902室
1850,福建省厦门市思明区东浦三里26号3305室
1851,福建省厦门市思明区洪文七里88-1号201-5室
1852,福建省厦门市思明区洪文五里87号403-1室
1853,福建省厦门市思明区洪莲里62号804室
1854,福建省厦门市思明区洪莲中路629号
1855,福建省厦门市思明区洪莲中路629号
1856,福建省厦门市思明区龙虎山路122号503室
1857,福建省厦门市思明区莲前西路170号C106室
1858,福建省厦门市思明区文兴东三里7号102室
1859,福建省厦门市思明区洪文六里11号501室
1860,福建省厦门市思明区前埔一里201号504室
1861,福建省厦门市思明区洪文六里134号402室
1862,福建省厦门市思明区古楼南里16号702室
1863,福建省厦门市思明区西林西里41号409室
1864,福建省厦门市思明区洪莲里87号603室
1865,福建省厦门市思明区东浦路254号502室
1866,福建省厦门市思明区前埔二里224号102室
1867,福建省厦门市思明区洪莲路17-124号
1868,福建省厦门市思明区文兴东二里36号106室
1869,福建省厦门市思明区西林西里70号207室
1870,福建省厦门市思明区前埔五里180号902室
1871,福建省厦门市思明区洪文七里92号2002室
1872,福建省厦门市思明区前埔二里58号1204室
1873,福建省厦门市思明区西林东里163号203室
1874,福建省厦门市思明区店上东里2号108室
1875,福建省厦门市思明区店上东里32号103室
1876,福建省厦门市思明区洪莲路70号102室
1877,福建省厦门市思明区洪莲西路37号
1878,福建省厦门市思明区洪莲西路37号
1879,福建省厦门市思明区前埔六里16号902室
1880,福建省厦门市思明区莲前西路728号803室
1881,福建省厦门市思明区西林西二里4号C105室
1882,福建省厦门市思明区洪莲西里39号1901室
1883,福建省厦门市思明区东浦路587号102室
1884,福建省厦门市思明区东浦路521号201室
1885,福建省厦门市思明区莲前东路806号201室
1886,福建省厦门市思明区古楼北里23号307室
1887,福建省厦门市思明区洪莲路86号601室
1888,福建省厦门市思明区前埔五里176号601室
1889,福建省厦门市思明区前埔一里192号407室
1890,福建省厦门市思明区西林路48号401室
1891,福建省厦门市思明区洪莲东二里29号1303室
1892,福建省厦门市思明区东浦路186号501室
1893,福建省厦门市思明区前埔二里154号110室
1894,福建省厦门市思明区洪文一里59号601室
1895,福建省厦门市思明区洪文四里6号2501室
1896,福建省厦门市思明区洪文一里14号201室
1897,福建省厦门市思明区洪文五里84号503室
1898,福建省厦门市思明区莲前西路116号106室
1899,福建省厦门市思明区洪文一里135号701室
1900,福建省厦门市思明区田厝路21号202室
1901,福建省厦门市思明区前埔二里181号507室
1902,福建省厦门市思明区洪莲西里141号102室
1903,福建省厦门市思明区洪文一里67号101室
1904,福建省厦门市思明区云顶中路719号402室
1905,福建省厦门市思明区前埔五里210号1103室
1906,福建省厦门市思明区洪莲里78号502室
1907,福建省厦门市思明区店上西里40号506室
1908,福建省厦门市思明区洪莲北路1011号
1909,福建省厦门市思明区洪莲西里140号304室
1910,福建省厦门市思明区洪文八里135号808室
1911,福建省厦门市思明区西林社27-103号
1912,福建省厦门市思明区洪文一里131号304室
1913,福建省厦门市思明区东浦路258-5号101室
1914,福建省厦门市思明区莲前西路278号701室
1915,福建省厦门市思明区莲前西路274号502室
1916,福建省厦门市思明区洪文一里91号201室
1917,福建省厦门市思明区古楼北里58号304室
1918,福建省厦门市思明区西林东里169号512室
1919,福建省厦门市思明区店上西里42号301室
1920,福建省厦门市思明区侨兴里1号701室
1921,福建省厦门市思明区田厝路1号510室
1922,福建省厦门市思明区前埔二里212号606室
1923,福建省厦门市思明区洪莲里99号404室
1924,福建省厦门市思明区古楼北里51号308室
1925,福建省厦门市思明区云顶中路723号301室
1926,福建省厦门市思明区洪文六里1号303室
1927,福建省厦门市思明区店上东里34号203室
1928,福建省厦门市思明区西林东路135号602室
1929,福建省厦门市思明区洪莲路5号1301室
1930,福建省厦门市思明区洪莲东二里158号503室
1931,福建省厦门市思明区前埔二里57号207室
1932,福建省厦门市思明区店上东里66号206室
1933,福建省厦门市思明区店上东里23号101室
1934,福建省厦门市思明区洪文三里10号301室
1935,福建省厦门市思明区洪文泥窟社北片区25号
1936,福建省厦门市思明区前埔二里154号509室
1937,福建省厦门市思明区店上东里98号202室
1938,福建省厦门市思明区东浦三里12号1002室
1939,福建省厦门市思明区洪莲西二路1456号105室
1940,福建省厦门市思明区店上东里34号703室
1941,福建省厦门市思明区东山社348号101室
1942,福建省厦门市思明区西林社85号304室
1943,福建省厦门市思明区前埔西路19号201室
1944,福建省厦门市思明区洪文一里104号404室
1945,福建省厦门市思明区店上东里66号106室
1946,福建省厦门市思明区前埔五里173号601室
1947,福建省厦门市思明区洪文五里16号501室
1948,福建省厦门市思明区洪文五里16号501室
1949,福建省厦门市思明区西林东路407号301室
1950,福建省厦门市思明区洪文六里140号602室
1951,福建省厦门市思明区古楼南里72号208室
1952,福建省厦门市思明区店上东里79号404室
1953,福建省厦门市思明区洪文七里36号502室
1954,福建省厦门市思明区西林西里92号402室
1955,福建省厦门市思明区洪文七里11号1802室
1956,福建省厦门市思明区洪莲里102号501室
1957,福建省厦门市思明区西林东路303号501室
1958,福建省厦门市思明区西林西里127号1室
1959,福建省厦门市思明区莲前西路236号201室
1960,福建省厦门市思明区洪文一里106号502室
1961,福建省厦门市思明区前埔一里218号405室
1962,福建省厦门市思明区洪文六里7号101室
1963,福建省厦门市思明区洪文六里181号201室
1964,福建省厦门市思明区店上东里89-1号701-1室
1965,福建省厦门市思明区洪文六里60号1702室
1966,福建省厦门市思明区古楼南里12号703室
1967,福建省厦门市思明区西林西里71号C104室
1968,福建省厦门市思明区潘宅路144号201室
1969,福建省厦门市思明区西林东里10号602室
1970,福建省厦门市思明区洪文一里30号401室
1971,福建省厦门市思明区洪文五里17号302室
1972,福建省厦门市思明区店上东里74号606室
1973,福建省厦门市思明区店上东里38号502室
1974,福建省厦门市思明区前埔一里219号504室
1975,福建省厦门市思明区洪文六里35号102室
1976,福建省厦门市思明区西林西二里16号302室
1977,福建省厦门市思明区侨福里4号101室
1978,福建省厦门市思明区莲前西路298号301室
1979,福建省厦门市思明区店上东里86号505室
1980,福建省厦门市思明区店上东里86号505室
1981,福建省厦门市思明区莲前东路794号106室
1982,福建省厦门市思明区前埔五里200号1001室
1983,福建省厦门市思明区莲前西路697号101室
1984,福建省厦门市思明区店上东里23号602室
1985,福建省厦门市思明区莲前西路619号602室
1986,福建省厦门市思明区洪文八里43号701室
1987,福建省厦门市思明区前埔一里191号509室
1988,福建省厦门市思明区莲前西路234号602室
1989,福建省厦门市思明区洪文石村社南片区28号
1990,福建省厦门市思明区莲前西路741号102室
1991,福建省厦门市思明区店上东里88号102室
1992,福建省厦门市思明区洪文一里127号402室
1993,福建省厦门市思明区店上东里90号306室
1994,福建省厦门市思明区西林社127号602室
1995,福建省厦门市思明区莲前西路713号B120室
1996,福建省厦门市思明区西林西里32号C701室
1997,福建省厦门市思明区莲前东路846号C126室
1998,福建省厦门市思明区洪文四里18号202室
1999,福建省厦门市思明区西林西二里19号101室
2000,福建省厦门市思明区西林西里54号502室
